keyword,company,score
5G,가온미디어,0.3
가온미디어,가온미디어,1
걱정,가온미디어,0.3
미국,가온미디어,0.3
사상,가온미디어,0.3
올해,가온미디어,0.3
이익,가온미디어,0.3
전일,가온미디어,0.3
투자,가온미디어,0.3
가온전선,가온전선,1
상승,가온전선,0.3
투자,강남제비스코,0.3
ET,강남제비스코,0.3
강스템바이오텍,강스템바이오텍,1
루트로닉,강스템바이오텍,0.5
특별,강스템바이오텍,0.3
강원랜드,강원랜드,1
게임,강원랜드,0.3
공무원,강원랜드,0.3
군청,강원랜드,0.3
권성동,강원랜드,0.3
사회,강원랜드,0.3
인척,강원랜드,0.3
정선,강원랜드,0.3
지능,강원랜드,0.3
채용,강원랜드,0.3
최흥집,강원랜드,0.3
카지노,강원랜드,0.3
게임빌,게임빌,1
모바일,게임빌,0.3
북미,게임빌,0.3
MMORPG,게임빌,0.3
경남제약,경남제약,1
레모나,경남제약,0.3
불손,경남제약,0.3
실적,경남제약,0.3
경농,경농,1
농,경농,0.3
데이,경농,0.3
살충제,경농,0.3
순창군,경농,0.3
식품,경농,0.3
유기,경농,0.3
친환,경농,0.3
경동나비엔,경동나비엔,1
경동도시가스,경동도시가스,1
점검,경동도시가스,0.3
경동제약,경동제약,1
류덕희,경동제약,0.3
경보제약,경보제약,1
규모,경보제약,0.3
선량,경보제약,0.3
Constant,경보제약,0.3
경인양행,경인양행,1
둥지,경인양행,0.3
거래소,경인전자,0.3
경인전자,경인전자,1
아시아나항공,경인전자,0.5
fnRASSI,경인전자,0.3
고려시멘트,고려시멘트,1
급등,고려시멘트,0.3
고려아연,고려아연,1
가맹,골프존,0.3
골프,골프존,0.3
골프존,골프존,1
단기,골프존,0.3
대모산,골프존,0.3
디아지오,골프존,0.3
멤버십,골프존,0.3
문화,골프존,0.3
스크린골프,골프존,0.3
주,골프존,0.3
특별,골프존,0.3
파크,골프존,0.3
평택,골프존,0.3
골프존뉴딘홀딩스,골프존뉴딘홀딩스,1
외국,골프존뉴딘홀딩스,0.3
광동제약,광동제약,1
국내,광동제약,0.3
전일,광동제약,0.3
침향,광동제약,0.3
광림,광림,1
김,광림,0.3
미가엘,광림,0.3
광주신세계,광주신세계,1
스윔,광주신세계,0.3
여름철,광주신세계,0.3
광진윈텍,광진윈텍,1
전일,광진윈텍,0.3
교보증권,교보증권,1
부산,교보증권,0.3
코스피,교보증권,0.3
국동,국동,1
지인,국동,0.3
특별,국동,0.3
편,국동,0.3
흉기,국동,0.3
국순당,국순당,1
농,국순당,0.3
대신,국순당,0.3
부,국순당,0.3
상승,국순당,0.3
식품,국순당,0.3
양조장,국순당,0.3
유산균,국순당,0.3
전통주,국순당,0.3
국일제지,국일제지,1
그래핀,국일제지,0.3
자회사,국일제지,0.3
종목,국일제지,0.3
주,국일제지,0.3
그린플러스,그린플러스,1
일회용품,그린플러스,0.3
텀블러,그린플러스,0.3
홈플러스,그린플러스,0.3
금강공업,금강공업,1
주가,금강공업,0.3
금호산업,금호산업,1
기관,금호산업,0.3
매각,금호산업,0.3
아시아나항공,금호산업,0.5
오전,금호산업,0.3
주,금호산업,0.3
한진칼,금호산업,0.5
그룹,금호석유화학,0.3
금호석유화학,금호석유화학,1
미세먼지,금호석유화학,0.3
금호에이치티,금호에이치티,1
베트남,금호에이치티,0.3
에스맥,금호에이치티,0.5
금호,금호타이어,0.3
금호타이어,금호타이어,1
기업,금호타이어,0.3
더블,금호타이어,0.3
분기,금호타이어,0.3
산업은행,금호타이어,0.3
타이어,금호타이어,0.3
투자,금호타이어,0.3
희망,금호타이어,0.3
D,금호타이어,0.3
R,금호타이어,0.3
투자,금화피에스시,0.3
ET,금화피에스시,0.3
기아자동차,기아자동차,1
김익환,기아자동차,0.3
멕시코,기아자동차,0.3
관세,기아자동차,0.3
기업,기아자동차,0.3
강권석,기업은행,0.3
금융,기업은행,0.3
금융업,기업은행,0.3
기업은행,기업은행,1
김도진,기업은행,0.3
대손,기업은행,0.3
대한하키협회,기업은행,0.3
도로공사,기업은행,0.3
도쿄,기업은행,0.3
마포,기업은행,0.3
모바일,기업은행,0.3
아이원,기업은행,0.3
영화,기업은행,0.3
창업,기업은행,0.3
최대,기업은행,0.3
표승주,기업은행,0.3
하키,기업은행,0.3
혁신,기업은행,0.3
IBK,기업은행,0.3
깨끗한나라,깨끗한나라,1
부진,깨끗한나라,0.3
상승,깨끗한나라,0.3
실적,깨끗한나라,0.3
여성환경연대,깨끗한나라,0.3
나노,나노,1
미네랄,나노,0.3
삼성전자,나노,0.5
시노펙스,나노,0.5
식품,나노,0.3
연세대,나노,0.3
우주,나노,0.3
천연,나노,0.3
포르투갈,나노,0.3
HOT100,나노,0.3
TSMC,나노,0.3
나노메딕스,나노메딕스,1
상승,나노메딕스,0.3
나라소프트,나라소프트,1
스포츠,나라소프트,0.3
규모,나무가,0.3
기관,나무가,0.3
나무가,나무가,1
신준환,나무가,0.3
자기,나무가,0.3
코스닥,나무가,0.3
fnRASSI,나무가,0.3
규모,나무기술,0.3
나무기술,나무기술,1
전일,나무기술,0.3
주가,나무기술,0.3
기술,나이벡,0.3
나이벡,나이벡,1
유증,나이벡,0.3
투자,나이벡,0.3
특별,나이벡,0.3
현대,나이벡,0.3
ET,나이벡,0.3
남선알미늄,남선알미늄,1
종목,남선알미늄,0.3
가정,남양유업,0.3
국민,남양유업,0.3
남양유업,남양유업,1
논란,남양유업,0.3
눈물,남양유업,0.3
물질,남양유업,0.3
분유,남양유업,0.3
불상사,남양유업,0.3
상생,남양유업,0.3
안전,남양유업,0.3
외손녀,남양유업,0.3
외조카,남양유업,0.3
유통,남양유업,0.3
이미지,남양유업,0.3
이정인,남양유업,0.3
일탈,남양유업,0.3
처,남양유업,0.3
캔,남양유업,0.3
홍원식,남양유업,0.3
황하나,남양유업,0.3
회장,남양유업,0.3
이낙연,남화토건,0.3
투자,남화토건,0.3
ET,남화토건,0.3
네오셈,네오셈,1
자기,네오셈,0.3
주가,네오셈,0.3
네오오토,네오오토,1
전일,네오오토,0.3
주가,네오오토,0.3
네오위즈,네오위즈,1
불법,네오위즈,0.3
웹,네오위즈,0.3
창립,네오위즈,0.3
네오위즈홀딩스,네오위즈홀딩스,1
창립,네오위즈홀딩스,0.3
규모,네오팜,0.3
네오팜,네오팜,1
로이드,네오팜,0.3
병원,네오팜,0.3
브랜드력,네오팜,0.3
전일,네오팜,0.3
투자,네오팜,0.3
화장품,네오팜,0.3
ET,네오팜,0.3
네오펙트,네오펙트,1
매출,네오펙트,0.3
전일,네오펙트,0.3
급등,네이처셀,0.3
네이처셀,네이처셀,1
주가,네이처셀,0.3
기관,네패스,0.3
네패스,네패스,1
메모리,네패스,0.3
수혜,네패스,0.3
외국인,네패스,0.3
종목,네패스,0.3
코스닥,네패스,0.3
투자,네패스,0.3
ET,네패스,0.3
fnRASSI,네패스,0.3
금민철,넥센,0.3
넥센,넥센,1
세인트,넥센,0.3
중앙,넥센,0.3
넥센타이어,넥센타이어,1
투자,넥센타이어,0.3
규모,넥스턴,0.3
넥스턴,넥스턴,1
넥스트아이,넥스트아이,1
천광,넥스트아이,0.5
넥슨지티,넥슨지티,1
넷게임즈,넥슨지티,0.5
넵튠,넵튠,1
모바일,넵튠,0.3
초반,넵튠,0.3
넥슨지티,넷게임즈,0.5
넷게임즈,넷게임즈,1
상승,넷게임즈,0.3
게임,넷마블,0.3
기대,넷마블,0.3
넥슨,넷마블,0.3
넷마블,넷마블,1
대작,넷마블,0.3
대죄,넷마블,0.3
등록,넷마블,0.3
레볼루션,넷마블,0.3
매니저,넷마블,0.3
모두,넷마블,0.3
모바일,넷마블,0.3
모바일게임,넷마블,0.3
문화,넷마블,0.3
방준혁,넷마블,0.3
방탄소년단,넷마블,0.3
사전,넷마블,0.3
신작,넷마블,0.3
실적,넷마블,0.3
아이언,넷마블,0.3
앱,넷마블,0.3
오브,넷마블,0.3
올해,넷마블,0.3
인수,넷마블,0.3
입찰,넷마블,0.3
장애,넷마블,0.3
장외,넷마블,0.3
전일,넷마블,0.3
주가,넷마블,0.3
채널,넷마블,0.3
킹,넷마블,0.3
흥행,넷마블,0.3
BTS,넷마블,0.3
CBT,넷마블,0.3
PRNewswire,넷마블,0.3
노랑풍선,노랑풍선,1
시티,노랑풍선,0.3
노루홀딩스,노루홀딩스,1
전일,노루홀딩스,0.3
강원,노바텍,0.3
노바텍,노바텍,1
상승,노바텍,0.3
상한가,노바텍,0.3
전일,노바텍,0.3
fnRASSI,노바텍,0.3
가족,녹십자,0.3
녹십자,녹십자,1
마켓,녹십자,0.3
백신,녹십자,0.3
웰빙,녹십자,0.3
이웃,녹십자,0.3
인사이트,녹십자,0.3
주권,녹십자,0.3
혈우병,녹십자,0.3
GC,녹십자,0.3
녹십자랩셀,녹십자랩셀,1
전일,녹십자랩셀,0.3
녹십자홀딩스,녹십자홀딩스,1
허일섭,녹십자홀딩스,0.3
녹원씨엔아이,녹원씨엔아이,1
스마트폰,녹원씨엔아이,0.3
지투하이소닉,녹원씨엔아이,0.5
최종,녹원씨엔아이,0.3
너구리,농심,0.3
농심,농심,1
맛,농심,0.3
반격,농심,0.3
비빔면,농심,0.3
스푼,농심,0.3
엔씨소프트,농심,0.5
옥수수,농심,0.3
용기,농심,0.3
치즈,농심,0.3
켈로그,농심,0.3
콘,농심,0.3
R,농심,0.3
뉴로스,뉴로스,1
종목,뉴로스,0.3
뉴인텍,뉴인텍,1
상승,뉴인텍,0.3
뉴트리,뉴트리,1
암웨이,뉴트리,0.3
전일,뉴트리,0.3
주목,뉴트리,0.3
한국,뉴트리,0.3
화장품,뉴트리,0.3
뉴파워프라즈마,뉴파워프라즈마,1
상승,뉴파워프라즈마,0.3
공시,뉴프라이드,0.3
뉴프라이드,뉴프라이드,1
마리화나,뉴프라이드,0.3
매출,뉴프라이드,0.3
사업,뉴프라이드,0.3
실적,뉴프라이드,0.3
전일,다나와,0.3
스토브,다날,0.3
실물,다날,0.3
다나와,다나와,1
DPG,다나와,0.3
다날,다날,1
다믈멀티미디어,다믈멀티미디어,1
성실,다믈멀티미디어,0.3
다산네트웍스,다산네트웍스,1
대양금속,다산네트웍스,0.5
종목,다산네트웍스,0.3
투자,다산네트웍스,0.3
ET,다산네트웍스,0.3
fnRASSI,다산네트웍스,0.3
다스코,다스코,1
친환경,다스코,0.3
ET,다스코,0.3
거래소,다우기술,0.3
다우기술,다우기술,1
불허,다우기술,0.3
키움증권,다우기술,0.5
투자,다우기술,0.3
ET,다우기술,0.3
fnRASSI,다우기술,0.3
거래,다원시스,0.3
다원시스,다원시스,1
특별,다원시스,0.3
강사,대교,0.3
교육,대교,0.3
교육부,대교,0.3
구미시,대교,0.3
국토,대교,0.3
네타냐후,대교,0.3
대교,대교,1
대구,대교,0.3
대통령,대교,0.3
만포,대교,0.3
목포,대교,0.3
무,대교,0.3
문용린,대교,0.3
문화,대교,0.3
부,대교,0.3
브루나이,대교,0.3
사립대,대교,0.3
산호,대교,0.3
세계,대교,0.3
안양,대교,0.3
양근,대교,0.3
양평군,대교,0.3
연,대교,0.3
영동,대교,0.3
영종,대교,0.3
유,대교,0.3
이스라엘,대교,0.3
인천시,대교,0.3
전대,대교,0.3
정의당,대교,0.3
지안,대교,0.3
차나칼레,대교,0.3
천사,대교,0.3
천주교,대교,0.3
최장,대교,0.3
키즈,대교,0.3
터키,대교,0.3
통행료,대교,0.3
혼잡,대교,0.3
AI,대교,0.3
CGV,대교,0.5
CJ,대교,0.5
대덕전자,대덕전자,1
전일,대덕전자,0.3
투자,대덕전자,0.3
대동공업,대동공업,1
자율,대동공업,0.3
전기,대동공업,0.3
화물차,대동공업,0.3
KAIST,대동공업,0.3
대륙제관,대륙제관,1
제,대륙제관,0.3
대림비앤코,대림비앤코,1
이부용,대림비앤코,0.3
경신,대림산업,0.3
대림산업,대림산업,1
디벨로,대림산업,0.3
롯데,대림산업,0.3
부동산,대림산업,0.3
부산진구,대림산업,0.3
사자,대림산업,0.3
세계,대림산업,0.3
신격호,대림산업,0.3
아크,대림산업,0.3
아파트,대림산업,0.3
에너지,대림산업,0.3
엑스포,대림산업,0.3
연일,대림산업,0.3
전일,대림산업,0.3
주택,대림산업,0.3
투자,대림산업,0.3
포스코,대림산업,0.5
화학,대림산업,0.3
e,대림산업,0.3
SK,대림산업,0.5
대봉엘에스,대봉엘에스,1
K,대봉엘에스,0.3
급등,대성미생물,0.3
대성미생물,대성미생물,1
전일,대성미생물,0.3
4Q,대성산업,0.3
대성산업,대성산업,1
흑자,대성산업,0.3
대신정보통신,대신정보통신,1
펜,대신정보통신,0.3
5G,대신증권,0.3
대신증권,대신증권,1
부동산,대신증권,0.3
운용,대신증권,0.3
프리미엄,대신증권,0.3
KT,대신증권,0.5
대양금속,대양금속,1
fnRASSI,대양금속,0.3
대웅,대웅,1
조계사,대웅,0.3
대우,대우조선해양,0.3
대우조선해양,대우조선해양,1
디지털,대우조선해양,0.3
박원순,대우조선해양,0.3
반발,대우조선해양,0.3
블랙베리,대우조선해양,0.3
임시,대우조선해양,0.3
주총,대우조선해양,0.3
한국선급,대우조선해양,0.3
합류,대우조선해양,0.3
현대중공업,대우조선해양,0.5
현대차,대우조선해양,0.3
회관,대우조선해양,0.3
KR,대우조선해양,0.3
청룡사,대웅,0.3
개발,대우건설,0.3
검단,대우건설,0.3
고척,대우건설,0.3
대우건설,대우건설,1
대전,대우건설,0.3
대학생,대우건설,0.3
분양,대우건설,0.3
시공,대우건설,0.3
우수,대우건설,0.3
자부심,대우건설,0.3
제주,대우건설,0.3
중촌,대우건설,0.3
차세대,대우건설,0.3
토목,대우건설,0.3
회사채,대우건설,0.3
후원,대우건설,0.3
대우부품,대우부품,1
주가,대우부품,0.3
노조,대우조선해양,0.3
300mg,대웅제약,0.3
당뇨병,대웅제약,0.3
대웅제약,대웅제약,1
베트남,대웅제약,0.3
보,대웅제약,0.3
수출,대웅제약,0.3
올해,대웅제약,0.3
위,대웅제약,0.3
투자,대웅제약,0.3
혁신,대웅제약,0.3
SG,대웅제약,0.5
대원미디어,대원미디어,1
자회사,대원미디어,0.3
대원전선,대원전선,1
fnRASSI,대원전선,0.3
대유,대유,1
기능,대유위니아,0.3
김치냉장고,대유위니아,0.3
대유위니아,대유위니아,1
사물,대유위니아,0.3
요리,대유위니아,0.3
화면,대유위니아,0.3
IoT,대유위니아,0.3
LCD,대유위니아,0.3
대창솔루션,대창솔루션,1
ET,대창솔루션,0.3
GE,대창솔루션,0.3
대한광통신,대한광통신,1
종목,대한광통신,0.3
대한뉴팜,대한뉴팜,1
특허,대한뉴팜,0.3
대한전선,대한전선,1
매각,대한전선,0.3
대한제강,대한제강,1
전일,대한제강,0.3
대한통운,대한통운,1
박근희,대한통운,0.3
투자,대한통운,0.3
CJ,대한통운,0.5
감사원,대한항공,0.3
공정위,대한항공,0.3
곽승석,대한항공,0.3
국내선,대한항공,0.3
국민,대한항공,0.3
그룹,대한항공,0.3
김영종,대한항공,0.3
김포,대한항공,0.3
다음,대한항공,0.3
대한항공,대한항공,1
데일리,대한항공,0.3
델타,대한항공,0.3
박기원,대한항공,0.3
박재현,대한항공,0.3
방송,대한항공,0.3
베트남,대한항공,0.3
서울,대한항공,0.3
소유,대한항공,0.3
아시아나항공,대한항공,0.5
여객기,대한항공,0.3
우승,대한항공,0.3
윤지오,대한항공,0.3
전직,대한항공,0.3
조명,대한항공,0.3
조양호,대한항공,0.3
조원태,대한항공,0.3
조현아,대한항공,0.3
종로,대한항공,0.3
종로구,대한항공,0.3
투자,대한항공,0.3
트로피,대한항공,0.3
페인트,대한항공,0.3
한진,대한항공,0.5
항공기,대한항공,0.3
호주,대한항공,0.3
A380,대한항공,0.3
ET,대한항공,0.3
N,대한항공,0.3
VIP,대한항공,0.3
대한해운,대한해운,1
상승,대한해운,0.3
전용선,대한해운,0.3
투자,대한해운,0.3
ET,대한해운,0.3
대한민국,대현,0.3
세풍,대현,0.3
송,대현,0.3
야고,대현,0.3
일모도원,대현,0.3
LG전자,대현,0.5
거래,대호에이엘,0.3
대호에이엘,대호에이엘,1
전일,대호에이엘,0.3
주,대호에이엘,0.3
철도,대호에이엘,0.3
거래소,더블유에프엠,0.3
더블유에프엠,더블유에프엠,1
성실,더블유에프엠,0.3
금융,더존비즈온,0.3
더존비즈온,더존비즈온,1
전일,더존비즈온,0.3
투자,덕산네오룩스,0.3
ET,덕산네오룩스,0.3
덕성,덕성,1
덕신하우징,덕신하우징,1
ET,덕신하우징,0.3
데이터스트림즈,데이터스트림즈,1
코,데이터스트림즈,0.3
fnRASSI,데이터스트림즈,0.3
데일리블록체인,데일리블록체인,1
모바일,데일리블록체인,0.3
옐로,데일리블록체인,0.3
인천항,데일리블록체인,0.3
전기차,데일리블록체인,0.3
데코앤이,데코앤이,1
덱스터,덱스터,1
로켓,덱스터,0.3
문화,덱스터,0.3
거래,도이치모터스,0.3
급등,도이치모터스,0.3
단기,도이치모터스,0.3
도이치모터스,도이치모터스,1
종속,도이치모터스,0.3
주가,도이치모터스,0.3
처리,도이치모터스,0.3
회계,도이치모터스,0.3
공시,도화엔지니어링,0.3
기업,도화엔지니어링,0.3
도화엔지니어링,도화엔지니어링,1
상승,도화엔지니어링,0.3
유가증권,도화엔지니어링,0.3
전일,도화엔지니어링,0.3
주가,도화엔지니어링,0.3
증가,도화엔지니어링,0.3
ROE,도화엔지니어링,0.3
동국제강,동국제강,1
빅이슈,동국제강,0.3
사회,동국제강,0.3
구강,동국제약,0.3
대한치과의사협회,동국제약,0.3
동국제약,동국제약,1
산행,동국제약,0.3
제,동국제약,0.3
동방,동방,1
명계남,동방,0.3
유시민,동방,0.3
홍준표,동방,0.3
공시,동부건설,0.3
우원개발,동부건설,0.5
공시,동부제철,0.3
권단,동부제철,0.3
그룹,동부제철,0.3
데일리,동부제철,0.3
동부제철,동부제철,1
전일,동부제철,0.3
채권,동부제철,0.3
코스모화학,동부제철,0.5
KG,동부제철,0.3
N,동부제철,0.3
동성제약,동성제약,1
보통주,동성제약,0.3
정로환,동성제약,0.3
추가,동성제약,0.3
공시,동성화인텍,0.3
단기,동성화인텍,0.3
동성화인텍,동성화인텍,1
부활,동성화인텍,0.3
안성,동성화인텍,0.3
조선업,동성화인텍,0.3
투자,동성화인텍,0.3
ET,동성화인텍,0.3
규모,동성화학,0.3
동성화학,동성화학,1
유가증권,동성화학,0.3
동아쏘시오홀딩스,동아쏘시오홀딩스,1
동아에스티,동아에스티,1
영업,동아에스티,0.3
동아지질,동아지질,1
지하,동아지질,0.3
국내,동아화성,0.3
동아화성,동아화성,1
수소,동아화성,0.3
전일,동아화성,0.3
간호학,동양,0.3
건설,동양,0.3
남양주시,동양,0.3
동두천시,동양,0.3
동양,동양,1
빠가사리,동양,0.3
승률,동양,0.3
영주,동양,0.3
추천,동양,0.3
동양고속,동양고속,1
상승,동양고속,0.3
동양네트웍스,동양네트웍스,1
종목,동양네트웍스,0.3
동양생명,동양생명,1
지분,동양생명,0.3
창립,동양생명,0.3
동양철관,동양철관,1
주가,동양철관,0.3
ET,동양철관,0.3
동우팜투테이블,동우팜투테이블,1
전일,동우팜투테이블,0.3
동운아나텍,동운아나텍,1
중국,동운아나텍,0.3
동원개발,동원개발,1
사상,동원개발,0.3
서울,동원개발,0.3
시흥,동원개발,0.3
올해,동원개발,0.3
투자,동원개발,0.3
특별,동원개발,0.3
ET,동원개발,0.3
fnRASSI,동원개발,0.3
동원금속,동원금속,1
ET,동원금속,0.3
동원,동원산업,0.3
동원산업,동원산업,1
매출,동원산업,0.3
동원시스템즈,동원시스템즈,1
전일,동원시스템즈,0.3
원가,동원F&B,0.3
하반기,동원F&B,0.3
동진쎄미켐,동진쎄미켐,1
전일,동진쎄미켐,0.3
종목,동진쎄미켐,0.3
마켓,동화기업,0.3
인사이트,동화기업,0.3
동화약품,동화약품,1
윤도준,동화약품,0.3
의학,동화약품,0.3
잇,동화약품,0.3
경남,두산,0.3
경영,두산,0.3
공시,두산,0.3
과학자,두산,0.3
교육청,두산,0.3
그룹,두산,0.3
김명우,두산,0.3
김승회,두산,0.3
단양군,두산,0.3
대주주,두산,0.3
두산,두산,1
두산건설,두산,0.5
땅,두산,0.3
레이더,두산,0.3
마켓,두산,0.3
박정원,두산,0.3
북,두산,0.3
분양,두산,0.3
분할,두산,0.3
분화,두산,0.3
블록,두산,0.3
상가,두산,0.3
상생,두산,0.3
상속세,두산,0.3
서비스,두산,0.3
스포트라이트,두산,0.3
승부,두산,0.3
에이스,두산,0.3
연강재단,두산,0.3
연세대,두산,0.3
오너,두산,0.3
오늘,두산,0.3
위,두산,0.3
이규연,두산,0.3
이슈,두산,0.3
이영하,두산,0.3
이용찬,두산,0.3
인사이트,두산,0.3
자금,두산,0.3
자전거,두산,0.3
정진호,두산,0.3
주차,두산,0.3
지진,두산,0.3
창원시,두산,0.3
청약,두산,0.3
최근,두산,0.3
최대,두산,0.3
최장수,두산,0.3
퇴장,두산,0.3
투자,두산,0.3
특별,두산,0.3
특집,두산,0.3
화산,두산,0.3
확보,두산,0.3
회장,두산,0.3
ET,두산,0.3
M,두산,0.3
두산,두산건설,0.5
두산건설,두산건설,1
두산중공업,두산건설,0.5
북항,두산건설,0.3
분양,두산건설,0.3
엑스포,두산건설,0.3
공시,두산밥캣,0.3
기업,두산밥캣,0.3
카우,두산밥캣,0.3
캐시,두산밥캣,0.3
두산인프라코어,두산인프라코어,1
둔화,두산인프라코어,0.3
보령시,두산인프라코어,0.3
올해,두산인프라코어,0.3
투자,두산인프라코어,0.3
김명우,두산중공업,0.3
두산중공업,두산중공업,1
임직원,두산중공업,0.3
주가,두산중공업,0.3
투자,두산중공업,0.3
게이밍,듀오백,0.3
게임즈,듀오백,0.3
듀오백,듀오백,1
드림시큐리티,드림시큐리티,1
전일,드림시큐리티,0.3
드림텍,드림텍,1
주가,드림텍,0.3
지문,드림텍,0.3
강소,디딤,0.3
무안군,디딤,0.3
박정은,디딤,0.3
시흥,디딤,0.3
자활,디딤,0.3
저소득층,디딤,0.3
청년,디딤,0.3
디바이스이엔지,디바이스이엔지,1
전일,디바이스이엔지,0.3
규모,디아이씨,0.3
디아이씨,디아이씨,1
단기,디알텍,0.3
디알텍,디알텍,1
디앤씨미디어,디앤씨미디어,1
전일,디앤씨미디어,0.3
기관,디에이테크놀로지,0.3
디에이테크놀로지,디에이테크놀로지,1
fnRASSI,디에이테크놀로지,0.3
공시,디이엔티,0.3
디이엔티,디이엔티,1
코스닥,디이엔티,0.3
디지틀조선,디지틀조선,1
방정오,디지틀조선,0.3
특별,디지틀조선,0.3
급등,디피씨,0.3
디피씨,디피씨,1
상승,디피씨,0.3
전일,디피씨,0.3
주가,디피씨,0.3
8K,딜리,0.3
딜리,딜리,1
런던,딜리,0.3
버리,딜리,0.3
삼성전자,딜리,0.5
영국,딜리,0.3
피카,딜리,0.3
피커,딜리,0.3
BTS,딜리,0.3
QLED,딜리,0.3
라이트론,라이트론,1
임시,라이트론,0.3
회생,라이트론,0.3
강세,락앤락,0.3
공시,락앤락,0.3
국내외,락앤락,0.3
락앤락,락앤락,1
성실,락앤락,0.3
투자,락앤락,0.3
해외,락앤락,0.3
e,락앤락,0.3
EDGC,락앤락,0.5
ET,락앤락,0.3
랩지노믹스,랩지노믹스,1
전일,랩지노믹스,0.3
권혁찬,레드로버,0.3
레드로버,레드로버,1
소송,레드로버,0.3
fnRASSI,레드로버,0.3
로스웰,로스웰,1
상승,로스웰,0.3
주가,로스웰,0.3
최대,로스웰,0.3
코스닥,로스웰,0.3
포톤,로스웰,0.3
fnRASSI,로스웰,0.3
로지시스,로지시스,1
전일,로지시스,0.3
로체시스템즈,로체시스템즈,1
전일,로체시스템즈,0.3
공사,롯데관광개발,0.3
김기병,롯데관광개발,0.3
롯데관광개발,롯데관광개발,1
제주,롯데관광개발,0.3
특별,롯데관광개발,0.3
ET,롯데관광개발,0.3
롯데,롯데쇼핑,0.3
롯데쇼핑,롯데쇼핑,1
신동빈,롯데쇼핑,0.3
투자,롯데쇼핑,0.3
금호,롯데정밀화학,0.5
롯데,롯데정밀화학,0.3
롯데정밀화학,롯데정밀화학,1
신한,롯데정밀화학,0.5
유일,롯데정밀화학,0.3
주목,롯데정밀화학,0.3
주요,롯데정밀화학,0.3
ECH,롯데정밀화학,0.3
득,롯데정보통신,0.3
롯데정보통신,롯데정보통신,1
마용,롯데정보통신,0.3
벤처,롯데정보통신,0.3
투자,롯데정보통신,0.3
AWS,롯데정보통신,0.3
ET,롯데정보통신,0.3
구조,롯데제과,0.3
롯데제과,롯데제과,1
민명기,롯데제과,0.3
삼영무역,롯데제과,0.5
여름,롯데제과,0.3
이중,롯데제과,0.3
코코넛,롯데제과,0.3
콜라겐,롯데제과,0.3
해외,롯데제과,0.3
공시,롯데지주,0.3
롯데지주,롯데지주,1
롯데카드,롯데지주,0.3
황각규,롯데지주,0.3
국내,롯데케미칼,0.3
롯데케미칼,롯데케미칼,1
매출,롯데케미칼,0.3
미,롯데케미칼,0.3
세계,롯데케미칼,0.3
유사,롯데케미칼,0.3
이영일,롯데케미칼,0.3
투자,롯데케미칼,0.3
화학제품,롯데케미칼,0.3
HPC,롯데케미칼,0.3
KB,롯데케미칼,0.3
날,롯데푸드,0.3
롯데푸드,롯데푸드,1
우유,롯데푸드,0.3
조경수,롯데푸드,0.3
투자,롯데푸드,0.3
롯데하이마트,롯데하이마트,1
무더위,롯데하이마트,0.3
에어컨,롯데하이마트,0.3
잠,롯데하이마트,0.3
중소,롯데하이마트,0.3
파트너,롯데하이마트,0.3
강,루트로닉,0.3
강스템바이오텍,루트로닉,0.5
루트로닉,루트로닉,1
주가,루트로닉,0.3
룽투코리아,룽투코리아,1
미소녀,룽투코리아,0.3
일령,룽투코리아,0.3
전략,룽투코리아,0.3
리노스,리노스,1
전일,리노스,0.3
결승,리드,0.3
남자,리드,0.3
넥스젠,리드,0.3
디젤,리드,0.3
리드,리드,1
마드,리드,0.3
미래에셋대우,리드,0.5
바이,리드,0.3
보안,리드,0.3
손흥민,리드,0.3
수입,리드,0.3
시스코,리드,0.3
아발론,리드,0.3
차,리드,0.3
친환경,리드,0.3
큐브,리드,0.3
페라리,리드,0.3
펜스,리드,0.3
플러그인,리드,0.3
피,리드,0.3
하이브,리드,0.3
GCL,리드,0.3
SW,리드,0.3
마니커,마니커,1
전일,마니커,0.3
국세청,마제스타,0.3
마제스타,마제스타,1
교수,마크로젠,0.3
글로벌,마크로젠,0.3
마크로젠,마크로젠,1
박보연,마크로젠,0.3
그룹,만도,0.3
만도,만도,1
시그널,만도,0.3
투자,만도,0.3
한라,만도,0.5
ET,만도,0.3
매일유업,매일유업,1
멸균,매일유업,0.3
상하,매일유업,0.3
예비,매일유업,0.3
우유,매일유업,0.3
매직마이크로,매직마이크로,1
주가,매직마이크로,0.3
코스닥,매직마이크로,0.3
fnRASSI,매직마이크로,0.3
단기,매커스,0.3
매커스,매커스,1
단기,맥쿼리인프라,0.3
맥쿼리인프라,맥쿼리인프라,1
투자,맥쿼리인프라,0.3
ET,맥쿼리인프라,0.3
fnRASSI,맥쿼리인프라,0.3
경영,머큐리,0.3
머큐리,머큐리,1
코스닥,머큐리,0.3
교재,메가스터디,0.3
등급,메가스터디,0.3
메가스터디,메가스터디,1
모의고사,메가스터디,0.3
수능,메가스터디,0.3
진학사,메가스터디,0.3
투자,메가스터디,0.3
ET,메가스터디,0.3
메가스터디교육,메가스터디교육,1
특별,메가스터디교육,0.3
공시,메디톡스,0.3
공정위,메디톡스,0.3
광고,메디톡스,0.3
뉴,메디톡스,0.3
메디,메디톡스,0.3
메디톡스,메디톡스,1
보톡스,메디톡스,0.3
자회사,메디톡스,0.3
중국,메디톡스,0.3
투자,메디톡스,0.3
필러,메디톡스,0.3
ET,메디톡스,0.3
메디포스트,메디포스트,1
무릎,메디포스트,0.3
바이오,메디포스트,0.3
NDR,메디포스트,0.3
메리,메리츠종금증권,0.3
메리츠종금증권,메리츠종금증권,1
펀드,메리츠종금증권,0.3
메리츠화재,메리츠화재,1
박상열,메리츠화재,0.3
종합,메리츠화재,0.3
메지온,메지온,1
외국인,메지온,0.3
전일,메지온,0.3
코스닥,메지온,0.3
투자,메지온,0.3
ET,메지온,0.3
경북,메카로,0.3
메카로,메카로,1
미래,메카로,0.3
코스닥,메카로,0.3
한화,메카로,0.5
e,메카로,0.3
거래소,메타랩스,0.3
메타랩스,메타랩스,1
특별,메타랩스,0.3
fnRASSI,메타랩스,0.3
명문제약,명문제약,1
fnRASSI,명문제약,0.3
모나미,모나미,1
단양군,모두투어,0.3
모두투어,모두투어,1
모두투어리츠,모두투어리츠,1
임시,모두투어리츠,0.3
모바일리더,모바일리더,1
시황,모바일리더,0.3
주가,모바일리더,0.3
모베이스,모베이스,1
전일,모베이스,0.3
기아차,모비스,0.3
명승부,모비스,0.3
모비스,모비스,1
쇼터,모비스,0.3
현대차,모비스,0.3
fnRASSI,모비스,0.3
부진,무림P&P,0.3
실적,무림P&P,0.3
경상,무학,0.3
목동,무학,0.3
무학,무학,1
병원,무학,0.3
사과,무학,0.3
울산,무학,0.3
학생,무학,0.3
미국,미래산업,0.3
와튼,미래산업,0.3
황창규,미래산업,0.3
KT,미래산업,0.5
미래생명자원,미래생명자원,1
분기,미래생명자원,0.3
투자,미래생명자원,0.3
특별,미래생명자원,0.3
ET,미래생명자원,0.3
경남,미래에셋대우,0.3
기관,미래에셋대우,0.3
마중가,미래에셋대우,0.3
미래에셋대우,미래에셋대우,1
발언,미래에셋대우,0.3
유상현,미래에셋대우,0.3
이마트,미래에셋대우,0.5
이후,미래에셋대우,0.3
자동,미래에셋대우,0.3
종량세,미래에셋대우,0.3
통영시,미래에셋대우,0.3
특강,미래에셋대우,0.3
평촌,미래에셋대우,0.3
하이브,미래에셋대우,0.3
홍성국,미래에셋대우,0.5
CEO,미래에셋대우,0.3
KB,미래에셋대우,0.3
미래에셋벤처투자,미래에셋벤처투자,1
투자,미래에셋벤처투자,0.3
OTT,미래에셋벤처투자,0.3
미래에셋생명,미래에셋생명,1
직장,미래에셋생명,0.3
투자,미래에셋생명,0.3
공시,미래SCI,0.3
규모,미래SCI,0.3
미래SCI,미래SCI,1
사모,미래SCI,0.3
노화,미코,0.3
미코,미코,1
인스코비,미코,0.5
전일,미코,0.3
미투온,미투온,1
상승,미투온,0.3
인,미투온,0.3
커뮤니케이션,미투온,0.3
플,미투온,0.3
민앤지,민앤지,1
자회사,민앤지,0.3
전일,민앤지,0.3
특별,민앤지,0.3
회계,민앤지,0.3
기관,바다로19호,0.3
바다로19호,바다로19호,1
바디텍메드,바디텍메드,1
특별,바디텍메드,0.3
공시,바른손,0.3
바른손,바른손,1
영업,바른손,0.3
ET,바른손,0.3
기생충,바른손이앤에이,1
바른손이앤에이,바른손이앤에이,1
이틀,바른손이앤에이,0.3
전일,바른손이앤에이,0.3
제작사,바른손이앤에이,0.3
종목,바른손이앤에이,0.3
fnRASSI,바른손이앤에이,0.3
바이로메드,바이로메드,1
바이오니아,바이오니아,1
자회사,바이오니아,0.3
개발,바이오리더스,0.3
바이오리더스,바이오리더스,1
자궁경,바이오리더스,0.3
자궁경부,바이오리더스,0.3
전일,바이오리더스,0.3
BLS,바이오리더스,0.3
fnRASSI,바이오리더스,0.3
바이오솔루션,바이오솔루션,1
전일,바이오솔루션,0.3
투자,바이오제네틱스,0.3
ET,바이오제네틱스,0.3
바이온,바이온,1
텍,바이온,0.3
배럴,배럴,1
부적합,배럴,0.3
비축,배럴,0.3
수영복,배럴,0.5
투자,백광산업,0.3
ET,백광산업,0.3
백광소재,백광소재,1
아프리카,백광소재,0.3
종목,백광소재,0.3
투자,백광소재,0.3
특별,백광소재,0.3
ET,백광소재,0.3
fnRASSI,백광소재,0.3
백산,백산,1
부산,백산,0.3
중구,백산,0.3
태,백산,0.3
태백,백산,0.3
fnRASSI,백산,0.3
버추얼텍,버추얼텍,1
특별,버추얼텍,0.3
범양건영,범양건영,1
fnRASSI,범양건영,0.3
베셀,베셀,1
중국,베셀,0.3
fnRASSI,베셀,0.3
기능,베스파,0.3
디자인,베스파,0.3
모델,베스파,0.3
모터사이클,베스파,0.3
베스파,베스파,1
봄,베스파,0.3
서울,베스파,0.3
신모,베스파,0.3
이탈리아,베스파,0.3
포토,베스파,0.3
GTS,베스파,0.3
벽산,벽산,1
tvN,벽산,0.3
김은선,보령제약,0.3
보령제약,보령제약,1
예산,보령제약,0.3
충남,보령제약,0.3
투자,보령제약,0.3
보통주,보해양조,0.3
추가,보해양조,0.3
급등,본느,0.3
미국,본느,0.3
본느,본느,1
연속,본느,0.3
거리,볼빅,0.3
패션,볼빅,0.3
메디,부광약품,0.3
부광약품,부광약품,1
비만,부광약품,0.3
식욕,부광약품,0.3
유가증권,부광약품,0.3
자기,부광약품,0.3
전일,부광약품,0.3
주가,부광약품,0.3
취득,부광약품,0.3
치과,부광약품,0.3
공,부방,0.3
과목,부방,0.3
금호타이어,부방,0.5
빈집,부방,0.3
성남시,부방,0.3
수능,부방,0.3
시그널,부방,0.3
희망,부방,0.3
LG,부방,0.5
서울,부스타,0.3
신보,부스타,0.3
투자,뷰웍스,0.3
ET,뷰웍스,0.3
브레인콘텐츠,브레인콘텐츠,1
하반기,브레인콘텐츠,0.3
투자,브이원텍,0.3
ET,브이원텍,0.3
블루콤,블루콤,1
주가,블루콤,0.3
비덴트,비덴트,1
남방,비상교육,0.3
대입,비상교육,0.3
모의고사,비상교육,0.3
문학,비상교육,0.3
비상교육,비상교육,1
테크,비상교육,0.3
비씨월드제약,비씨월드제약,1
특별,비씨월드제약,0.3
공시,비에이치아이,0.3
공장,비에이치아이,0.3
규모,비에이치아이,0.3
비에이치아이,비에이치아이,1
거래소,비츠로시스,0.3
비츠로시스,비츠로시스,1
비트,비트컴퓨터,0.3
비트컴퓨터,비트컴퓨터,1
바이오,비피도,0.3
비피도,비피도,1
중국,비피도,0.3
홍천,비피도,0.3
바나나맛,빙그레,0.3
빙그레,빙그레,1
슈퍼,빙그레,0.3
아이,빙그레,0.3
요플레,빙그레,0.3
칼슘,빙그레,0.3
빛샘전자,빛샘전자,1
전일,빛샘전자,0.3
사람인에이치알,사람인에이치알,1
안정,사람인에이치알,0.3
투자,사람인에이치알,0.3
사조대림,사조대림,1
전일,사조대림,0.3
주가,사조대림,0.3
사조오양,사조오양,1
주가,사조오양,0.3
사조해표,사조해표,1
천연,사조해표,0.3
거,삼강엠앤티,0.3
공시,삼강엠앤티,0.3
규모,삼강엠앤티,0.3
대만,삼강엠앤티,0.3
삼강엠앤티,삼강엠앤티,1
수주,삼강엠앤티,0.3
스테드,삼강엠앤티,0.3
제대,삼강엠앤티,0.3
투자,삼강엠앤티,0.3
풍력,삼강엠앤티,0.3
ET,삼강엠앤티,0.3
기부,삼광글라스,0.3
삼광글라스,삼광글라스,1
환경,삼광글라스,0.3
규모,삼기오토모티브,0.3
김치환,삼기오토모티브,0.3
삼기오토모티브,삼기오토모티브,1
삼보판지,삼보판지,1
fnRASSI,삼보판지,0.3
삼성공조,삼성공조,1
fnRASSI,삼성공조,0.3
검찰,삼성물산,0.3
계열사,삼성물산,0.3
공정위,삼성물산,0.3
규탄,삼성물산,0.3
단독,삼성물산,0.3
대표,삼성물산,0.3
래미안,삼성물산,0.3
바이오,삼성물산,0.3
부산,삼성물산,0.3
분식,삼성물산,0.3
삼성,삼성물산,0.3
삼성물산,삼성물산,1
서울,삼성물산,0.3
오늘,삼성물산,0.3
이부진,삼성물산,0.3
이재용,삼성물산,0.3
제일모직,삼성물산,0.3
지역,삼성물산,0.3
코스닥,삼성물산,0.3
키워드,삼성물산,0.3
투자,삼성물산,0.3
파라텍,삼성물산,0.5
플,삼성물산,0.3
현대,삼성물산,0.3
홍콩,삼성물산,0.3
회계,삼성물산,0.3
ET,삼성물산,0.3
거래소,삼성바이오로직스,0.3
공시,삼성바이오로직스,0.3
금융,삼성바이오로직스,0.3
기업,삼성바이오로직스,0.3
김용범,삼성바이오로직스,0.3
바이오,삼성바이오로직스,0.3
부사장,삼성바이오로직스,0.3
분식,삼성바이오로직스,0.3
사이토,삼성바이오로직스,0.3
삼성바이오로직스,삼성바이오로직스,1
삼성전자,삼성바이오로직스,0.5
상장,삼성바이오로직스,0.3
셀트리온,삼성바이오로직스,0.5
일탈,삼성바이오로직스,0.3
한국,삼성바이오로직스,0.3
회계,삼성바이오로직스,0.3
후회,삼성바이오로직스,0.3
USA,삼성바이오로직스,0.3
가입,삼성생명,0.3
김한별,삼성생명,0.3
내,삼성생명,0.3
농구,삼성생명,0.3
단독,삼성생명,0.3
미술,삼성생명,0.3
미지급,삼성생명,0.3
병원,삼성생명,0.3
삼성물산,삼성생명,0.5
삼성생명,삼성생명,1
여자,삼성생명,0.3
연금,삼성생명,0.3
우리,삼성생명,0.3
은행,삼성생명,0.3
전자,삼성생명,0.3
투자,삼성생명,0.3
삼성에스디에스,삼성에스디에스,1
투자,삼성에스디에스,0.3
5G,삼성전기,0.3
삼성전기,삼성전기,1
선,삼성전기,0.3
종목,삼성전기,0.3
투자,삼성전기,0.3
혁신,삼성전기,0.3
AI,삼성전기,0.3
PER,삼성전기,0.3
5G,삼성전자,0.3
8K,삼성전자,0.3
가구,삼성전자,0.3
갤럭시,삼성전자,0.3
거래,삼성전자,0.3
거래소,삼성전자,0.3
검찰,삼성전자,0.3
게이밍,삼성전자,0.3
경험,삼성전자,0.3
고동진,삼성전자,0.3
고속,삼성전자,0.3
공개,삼성전자,0.3
공략,삼성전자,0.3
공백,삼성전자,0.3
공시,삼성전자,0.3
구속,삼성전자,0.3
국민주,삼성전자,0.3
권오현,삼성전자,0.3
규모,삼성전자,0.3
그룹,삼성전자,0.3
글로벌,삼성전자,0.3
기관,삼성전자,0.3
기업,삼성전자,0.3
김춘곤,삼성전자,0.3
꿈,삼성전자,0.3
노사,삼성전자,0.3
노조,삼성전자,0.3
다큐,삼성전자,0.3
대국민,삼성전자,0.3
대법,삼성전자,0.3
대비,삼성전자,0.3
대신증권,삼성전자,0.5
더블,삼성전자,0.3
데일리,삼성전자,0.3
디,삼성전자,0.3
런던,삼성전자,0.3
마지막,삼성전자,0.3
맞춤,삼성전자,0.3
매수,삼성전자,0.3
매입,삼성전자,0.3
메모리,삼성전자,0.3
멕시코,삼성전자,0.3
목표,삼성전자,0.3
미국,삼성전자,0.3
미래,삼성전자,0.3
바이오,삼성전자,0.3
박상진,삼성전자,0.3
박정호,삼성전자,0.3
반도체,삼성전자,0.3
반올림,삼성전자,0.3
백혈병,삼성전자,0.3
베트남,삼성전자,0.3
보유,삼성전자,0.5
부사장,삼성전자,0.3
부사장,삼성전자,0.3
부산,삼성전자,0.3
분석,삼성전자,0.3
분식,삼성전자,0.3
불황,삼성전자,0.3
빛,삼성전자,0.3
비스,삼성전자,0.3
비즈,삼성전자,0.3
사상구,삼성전자,0.3
사태,삼성전자,0.3
사회,삼성전자,0.3
삼바,삼성전자,0.3
삼성,삼성전자,0.3
삼성전자,삼성전자,1
상무,삼성전자,0.3
상생,삼성전자,0.3
서비스,삼성전자,0.3
세계,삼성전자,0.3
세로,삼성전자,0.3
소비자,삼성전자,0.3
속보,삼성전자,0.3
수원시,삼성전자,0.3
스마트,삼성전자,0.3
스마트폰,삼성전자,0.3
스포츠,삼성전자,0.3
시간,삼성전자,0.3
시스코,삼성전자,0.3
시스템,삼성전자,0.3
식물,삼성전자,0.3
실적,삼성전자,0.3
싸움,삼성전자,0.3
앞,삼성전자,0.3
아우디,삼성전자,0.3
안전,삼성전자,0.3
애플,삼성전자,0.3
양치,삼성전자,0.3
업무,삼성전자,0.3
에스원,삼성전자,0.5
엑시노스,삼성전자,0.3
연기,삼성전자,0.3
연속,삼성전자,0.3
염태영,삼성전자,0.3
영국,삼성전자,0.3
영업,삼성전자,0.3
영장,삼성전자,0.3
오이솔루션,삼성전자,0.5
외국인,삼성전자,0.3
웨어,삼성전자,0.3
유가증권,삼성전자,0.3
유동,삼성전자,0.3
유진,삼성전자,0.3
이상철,삼성전자,0.3
이재용,삼성전자,0.3
인공지능,삼성전자,0.3
인도,삼성전자,0.3
인멸,삼성전자,0.3
일렉트릭,삼성전자,0.3
임원,삼성전자,0.3
자산운용,삼성전자,0.3
전력,삼성전자,0.3
전원책,삼성전자,0.3
점심,삼성전자,0.3
제재,삼성전자,0.3
조직,삼성전자,0.3
종목,삼성전자,0.3
주은기,삼성전자,0.3
中,삼성전자,0.3
중국,삼성전자,0.3
증거,삼성전자,0.3
차량,삼성전자,0.3
첨단,삼성전자,0.3
최대,삼성전자,0.3
출시,삼성전자,0.3
취향,삼성전자,0.3
카를로스,삼성전자,0.3
투자,삼성전자,0.3
평택,삼성전자,0.3
폴,삼성전자,0.3
폴드,삼성전자,0.3
프리미엄,삼성전자,0.3
피치,삼성전자,0.3
피카,삼성전자,0.3
하만,삼성전자,0.3
하태경,삼성전자,0.3
핵심,삼성전자,0.3
혜택,삼성전자,0.3
호주,삼성전자,0.3
홈,삼성전자,0.3
화웨이,삼성전자,-0.5
확산,삼성전자,0.3
회계,삼성전자,0.3
AI,삼성전자,0.3
BBC,삼성전자,0.3
ET,삼성전자,0.3
LCD,삼성전자,0.3
MWC,삼성전자,0.3
QLED,삼성전자,0.3
S10,삼성전자,0.3
SK,삼성전자,0.5
SK텔레콤,삼성전자,0.5
T,삼성전자,0.3
TF,삼성전자,0.3
TSMC,삼성전자,0.3
TV,삼성전자,0.3
거래소,삼성중공업,0.3
거제,삼성중공업,0.3
경남,삼성중공업,0.3
버뮤다,삼성중공업,0.3
삼성중공업,삼성중공업,1
이틀,삼성중공업,0.3
작업자,삼성중공업,0.3
종목,삼성중공업,0.3
한국,삼성중공업,0.3
LNG,삼성중공업,0.3
롯데정밀화학,삼성증권,0.5
묘목,삼성증권,0.3
삼성증권,삼성증권,1
아시아나항공,삼성증권,0.5
애경그룹,삼성증권,0.3
연기금,삼성증권,0.3
우리,삼성증권,0.3
인수,삼성증권,0.3
장학금,삼성증권,0.3
주목,삼성증권,0.3
타깃,삼성증권,0.3
삼성출판사,삼성출판사,1
상승,삼성출판사,0.3
가연,삼성카드,0.3
결혼정보회사,삼성카드,0.3
사회,삼성카드,0.3
삼성카드,삼성카드,1
어른,삼성카드,0.3
이마트,삼성카드,0.5
이벤트,삼성카드,0.3
전용,삼성카드,0.3
중장,삼성카드,0.3
코스트코,삼성카드,0.3
토스,삼성카드,0.3
페이,삼성카드,0.3
NHN,삼성카드,0.3
PAYCO,삼성카드,0.3
X,삼성카드,0.3
견조,삼성SDI,0.3
공급자,삼성SDI,0.3
막걸리,삼성SDI,0.3
바겐,삼성SDI,0.3
배터리,삼성SDI,0.3
삼성SDI,삼성SDI,1
쌍둥이,삼성SDI,0.3
악재,삼성SDI,0.3
어묵,삼성SDI,0.3
전기,삼성SDI,0.3
전기차,삼성SDI,0.3
중대,삼성SDI,0.3
투자,삼성SDI,0.3
폭스바겐,삼성SDI,0.3
폴크스,삼성SDI,0.3
하반기,삼성SDI,0.3
ESS,삼성SDI,0.3
LG화학,삼성SDI,0.5
급등,삼아알미늄,0.3
삼아알미늄,삼아알미늄,1
라면,삼양식품,0.3
삼양식품,삼양식품,1
전인장,삼양식품,0.3
전일,삼양식품,0.3
주가,삼양식품,0.3
거래소,삼양옵틱스,0.3
고가,삼양옵틱스,0.3
공시,삼양옵틱스,0.3
삼양옵틱스,삼양옵틱스,1
최대,삼양옵틱스,0.3
거래소,삼양통상,0.3
fnRASSI,삼양통상,0.3
무균,삼양패키징,0.3
삼양패키징,삼양패키징,1
셉,삼양패키징,0.3
그룹,삼양홀딩스,0.3
삼양,삼양홀딩스,0.3
롯데제과,삼영무역,0.5
삼영무역,삼영무역,1
삼우엠스,삼우엠스,1
특별,삼우엠스,0.3
삼일,삼일,1
신체,삼일,0.3
심상정,삼일,0.3
안,삼일,0.3
연극,삼일,0.3
운동,삼일,0.3
회계,삼일,0.3
삼일제약,삼일제약,1
노숙자,삼진,0.3
부산역,삼진,0.3
불법,삼진,0.3
불씨,삼진,0.3
삼진,삼진,1
세상,삼진,0.3
적발,삼진,0.3
차인표,삼진,0.3
추신수,삼진,0.3
택시,삼진,0.3
판결,삼진,0.3
삼지전자,삼지전자,1
상승,삼지전자,0.3
청주,삼진,0.3
청주시,삼진,0.3
삼천리,삼천리,1
알톤,삼천리,0.3
주행,삼천리자전거,0.3
충전,삼천리자전거,0.3
경신,삼호,0.3
공시,삼호,0.3
기업,삼호,0.3
김,삼호,0.3
김영곤,삼호,0.3
단기,삼호,0.3
삼호,삼호,1
연속,삼호,0.3
윤문균,삼호,0.3
전일,삼호,0.3
채무,삼호,0.3
최근,삼호,0.3
fnRASSI,삼호,0.3
공시,삼화네트웍스,0.3
규모,삼화네트웍스,0.3
드라마,삼화네트웍스,0.3
삼화네트웍스,삼화네트웍스,1
주,삼화네트웍스,0.3
김포,삼화페인트공업,0.3
노후,삼화페인트공업,0.3
삼화페인트공업,삼화페인트공업,1
상상인,상상인,1
fnRASSI,상상인,0.3
상아프론테크,상아프론테크,1
영업,상아프론테크,0.3
단기,샘코,0.3
샘코,샘코,1
유상,샘코,0.3
급등,샘표,0.3
대두,샘표,0.3
상승,샘표,0.3
샘표,샘표,1
세상,샘표,0.3
마이크,서린바이오,0.3
서린바이오,서린바이오,1
김광석,서연,0.3
딸,서연,0.3
서연,서연,1
아내,서연,0.3
양,서연,0.3
행복,서연,0.3
서울리거,서울리거,1
한국,서울리거,0.3
기관,서울반도체,0.3
서울반도체,서울반도체,1
종목,서울반도체,0.3
코스닥,서울반도체,0.3
투자,서울반도체,0.3
하반기,서울반도체,0.3
ET,서울반도체,0.3
블,서울옥션,0.3
서울옥션,서울옥션,1
투자,서울옥션,0.3
ET,서울옥션,0.3
도봉,서원,0.3
박,서원,0.3
배우,서원,0.3
서원,서원,1
솔루션,서원,0.3
영국사,서원,0.3
외국,서원,0.3
이야기,서원,0.3
자유한국당,서원,0.3
주,서원,0.3
청주시,서원,0.3
캘러웨이,서원,0.3
클래식,서원,0.3
패럴,서원,0.3
MC,서원,0.3
Y,서원,0.3
5G,서진시스템,0.3
서진시스템,서진시스템,1
신한,서진시스템,0.5
전동규,서진시스템,0.3
전일,서진시스템,0.3
통신장비,서진시스템,0.3
국왕,서한,0.3
납세,서한,0.3
다뉴브강,서한,0.3
대사관,서한,0.3
무질,서한,0.3
부다페스트,서한,0.3
북한,서한,0.3
사우디,서한,0.3
서한,서한,1
에스엠,서한,0.5
외교부,서한,0.3
장관,서한,0.3
주주,서한,0.3
진영,서한,0.3
처,서한,0.3
추기경,서한,0.3
코스닥,서한,0.3
타미,서한,0.3
트럼프,서한,0.3
헝가리,서한,0.3
ET,서한,0.3
서흥,서흥,1
fnRASSI,서흥,0.3
서희건설,서희건설,1
화성,서희건설,0.3
OLED,선익시스템,0.3
개발,선진,0.3
건강,선진,0.3
관세청,선진,0.3
광역,선진,0.3
교역,선진,0.3
국,선진,0.3
국회,선진,0.3
동남아,선진,0.3
말레이시아,선진,0.3
무역,선진,0.3
바이,선진,0.3
반기문,선진,0.3
법정,선진,0.3
블록,선진,0.3
서비스,선진,0.3
서울시,선진,0.3
선진,선진,1
신약,선진,0.3
심정지,선진,0.3
안정,선진,0.3
에너지,선진,0.3
예산안,선진,0.3
저작,선진,0.3
적정,선진,0.3
중남미,선진,0.3
투자,선진,0.3
하교,선진,0.3
한국,선진,0.3
합의,선진,0.3
환경,선진,0.3
황대권,선진,0.3
WEF,선진,0.3
성문전자,성문전자,1
자회사,성문전자,0.3
채무,성문전자,0.3
성신양회,성신양회,1
주가,성신양회,0.3
투자,성신양회,0.3
대전,성안,0.3
성안,성안,1
위,성안,0.3
유가증권,성안,0.3
중구,성안,0.3
해상,성안,0.3
세기상사,세기상사,1
전일,세기상사,0.3
공,세동,0.3
국,세동,0.3
세동,세동,1
군산,세아베스틸,0.3
매출액,세아베스틸,0.3
세아베스틸,세아베스틸,1
실적,세아베스틸,0.3
ET,세아베스틸,0.3
세아특수강,세아특수강,1
단기,세우글로벌,0.3
보통주,세우글로벌,0.3
세우글로벌,세우글로벌,1
추가,세우글로벌,0.3
미션,세원,0.3
사상,세원,0.3
세원,세원,1
윤도준,세원,0.3
의학,세원,0.3
이낙연,세원,0.3
창사,세원,0.3
최대,세원,0.3
기술,세원셀론텍,0.3
세원셀론텍,세원셀론텍,1
유가증권,세원셀론텍,0.3
제품,세원셀론텍,0.3
주가,세원셀론텍,0.3
관계자,세이브존I&C,0.3
특별,세이브존I&C,0.3
매출,세종메디칼,0.3
세종메디칼,세종메디칼,1
권,세중,0.3
환영사,세중,0.3
유흥,세하,0.3
탐정,세하,0.3
상한가,세화피앤씨,0.3
세계,세화피앤씨,0.3
세화피앤씨,세화피앤씨,1
외국,세화피앤씨,0.3
전일,세화피앤씨,0.3
셀리버리,셀리버리,1
셀젠텍,셀젠텍,1
특별,셀젠텍,0.3
거래,셀트리온,0.3
공시,셀트리온,0.3
기관,셀트리온,0.3
너스,셀트리온,0.3
바이오,셀트리온,0.3
삼성,셀트리온,0.3
서정진,셀트리온,0.3
셀트리온,셀트리온,1
영업,셀트리온,0.3
외국인,셀트리온,0.3
원,셀트리온,0.3
제품,셀트리온,0.3
주가,셀트리온,0.3
캐나다,셀트리온,0.3
코스닥,셀트리온,0.3
투자,셀트리온,0.3
파트,셀트리온,0.3
플라스틱,셀트리온,0.3
헬스케어,셀트리온,0.3
확대,셀트리온,0.3
회장,셀트리온,0.3
ET,셀트리온,0.3
USA,셀트리온,0.3
규모,소리바다,0.3
소리바다,소리바다,1
유상,소리바다,0.3
최대,소리바다,0.3
fnRASSI,소리바다,0.3
소프트캠프,소프트캠프,1
업체,소프트캠프,0.3
클라우드,소프트캠프,0.3
손오공,손오공,1
스타크래프트,손오공,0.3
영화,손오공,0.3
솔고바이오,솔고바이오,1
앤,솔고바이오,0.3
솔루에타,솔루에타,1
전일,솔루에타,0.3
톱텍,솔브레인,0.5
KD건설,솔브레인,0.5
솔트웍스,솔트웍스,1
실적,솔트웍스,0.3
송원산업,송원산업,1
전일,송원산업,0.3
쇼박스,쇼박스,1
유정훈,쇼박스,0.3
기업,수젠텍,0.3
상장,수젠텍,0.3
수젠텍,수젠텍,1
연구소,수젠텍,0.3
주가,수젠텍,0.3
중국,수젠텍,0.3
코스닥,수젠텍,0.3
투자,수젠텍,0.3
특별,수젠텍,0.3
ET,수젠텍,0.3
수프로,수프로,1
폰타나,수프로,0.3
슈프리마,슈프리마,1
전일,슈프리마,0.3
지문,슈프리마,0.3
슈프리마에이치큐,슈프리마에이치큐,1
전일,슈프리마에이치큐,0.3
fnRASSI,슈프리마에이치큐,0.3
슈피겐코리아,슈피겐코리아,1
아마존,슈피겐코리아,0.3
전일,슈피겐코리아,0.3
투자,슈피겐코리아,0.3
스맥,스맥,1
특별,스맥,0.3
규모,스킨앤스킨,0.3
스킨앤스킨,스킨앤스킨,1
코스닥,스킨앤스킨,0.3
OLED,스킨앤스킨,0.3
기관,스튜디오드래곤,0.3
방영,스튜디오드래곤,0.3
스튜디오드래곤,스튜디오드래곤,1
신한,스튜디오드래곤,0.5
아스,스튜디오드래곤,0.3
주가,스튜디오드래곤,0.3
지진희,스튜디오드래곤,0.3
코스닥,스튜디오드래곤,0.3
투자,스튜디오드래곤,0.3
개회사,승일,0.3
봇,승일,0.3
승일,승일,1
제조,승일,0.3
축사,승일,0.3
상승,시공테크,0.3
시공테크,시공테크,1
Kazakhmys,시공테크,0.3
공시,시너지이노베이션,0.3
시너지이노베이션,시너지이노베이션,1
미네랄,시노펙스,0.3
시노펙스,시노펙스,1
급등,시디즈,0.3
시디즈,시디즈,1
시스웍,시스웍,1
전일,시스웍,0.3
시큐브,시큐브,1
특허,시큐브,0.3
KERIS,시큐브,0.3
봄,신도리코,0.3
신도리코,신도리코,1
거래,신라젠,0.3
내달,신라젠,0.3
바이오,신라젠,0.3
신라젠,신라젠,1
외국인,신라젠,0.3
코스닥,신라젠,0.3
필라델피아,신라젠,0.3
신성델타테크,신성델타테크,1
전일,신성델타테크,0.3
특별,신성델타테크,0.3
가방,신세계,0.3
강남,신세계,0.3
개점,신세계,0.3
고객,신세계,0.3
골드,신세계,0.3
관광객,신세계,0.3
광주,신세계,0.3
그룹,신세계,0.3
놀자,신세계,0.3
뉴스,신세계,0.3
대구,신세계,0.3
도자기,신세계,0.3
동남아,신세계,0.3
디지털,신세계,0.3
레스,신세계,0.3
롯데,신세계,0.3
면세점,신세계,0.3
미니스톱,신세계,0.3
방문,신세계,0.3
배송,신세계,0.3
백화점,신세계,0.3
본점,신세계,0.3
부산,신세계,0.3
사이먼,신세계,0.3
상반기,신세계,0.3
상생,신세계,0.3
센텀,신세계,0.3
소비,신세계,0.3
식품,신세계,0.3
신세계,신세계,1
심리,신세계,0.3
아울렛,신세계,0.3
업계,신세계,0.3
여름,신세계,0.3
온라인,신세계,0.3
와인,신세계,0.3
유통,신세계,0.3
은행,신세계,0.3
이마트,신세계,0.5
이번,신세계,0.3
이상,신세계,0.3
이익,신세계,0.3
일본,신세계,0.3
제일은행,신세계,0.3
주식,신세계,0.3
차명,신세계,0.3
챗,신세계,0.3
추가,신세계,0.3
카카오,신세계,0.5
키위,신세계,0.3
톰보이,신세계,0.3
투자,신세계,0.3
페이,신세계,0.3
편의점,신세계,0.3
포토,신세계,0.3
프리미엄,신세계,0.3
할인,신세계,0.3
해외여행,신세계,0.3
현대,신세계,0.3
화장품,신세계,0.3
휴관,신세계,0.3
흡수,신세계,0.3
AI,신세계,0.3
apos,신세계,0.3
SSG,신세계,0.3
TV,신세계,0.3
광주,신세계건설,0.3
상승,신세계건설,0.3
신세계건설,신세계건설,1
조기,신세계건설,0.3
죽전역,신세계건설,0.3
테마파크,신세계건설,0.3
특별,신세계건설,0.3
ET,신세계건설,0.3
fnRASSI,신세계건설,0.3
신세계인터내셔날,신세계인터내셔날,1
청담동,신세계인터내셔날,0.3
가격,신세계푸드,0.3
국민,신세계푸드,0.3
김운아,신세계푸드,0.3
대용량,신세계푸드,0.3
마늘,신세계푸드,0.3
무더위,신세계푸드,0.3
반,신세계푸드,0.3
보양,신세계푸드,0.3
빵,신세계푸드,0.3
신세계푸드,신세계푸드,1
외식,신세계푸드,0.3
최성재,신세계푸드,0.3
투자,신세계푸드,0.3
특가,신세계푸드,0.3
한국,신세계푸드,0.3
ET,신세계푸드,0.3
투자,신송홀딩스,0.3
ET,신송홀딩스,0.3
신스타임즈,신스타임즈,1
fnRASSI,신스타임즈,0.3
단기,신일산업,0.3
신일산업,신일산업,1
종목,신일산업,0.3
신풍제약,신풍제약,1
전일,신풍제약,0.3
가산,신한,0.3
개인,신한,0.3
경기,신한,0.3
공매,신한,0.3
국내,신한,0.3
굴레,신한,0.3
금,신한,0.3
금융,신한,0.3
기업,신한,0.3
김영주,신한,0.3
남산,신한,0.3
당선,신한,0.3
딥,신한,0.3
런,신한,0.3
롯데정밀화학,신한,0.5
모바일,신한,0.3
무보,신한,0.3
무혐,신한,0.3
미니언,신한,0.3
봇,신한,0.3
서진시스템,신한,0.5
서초동,신한,0.3
성비,신한,0.3
쉐프,신한,0.3
스튜디오드래곤,신한,0.5
스페이스,신한,0.3
시너지,신한,0.3
신한,신한,1
아이센스,신한,0.5
아이폰,신한,0.3
업그레이드,신한,0.3
에이프로젠KIC,신한,0.3
연기,신한,0.3
올해,신한,0.3
월덱스,신한,0.5
웨이,신한,0.3
위성호,신한,0.3
유니폼,신한,0.3
유상,신한,0.3
은행,신한,0.3
은행장,신한,0.3
이노,신한,0.3
인도네시아,신한,0.3
전,신한,0.3
정보,신한,0.3
정전,신한,0.3
제일기획,신한,0.5
조성렬,신한,0.3
조용병,신한,0.3
주식,신한,0.3
증권사,신한,0.3
증자,신한,0.3
지주,신한,0.3
직구,신한,0.3
진료,신한,0.3
진옥동,신한,0.3
진입,신한,0.3
창업,신한,0.3
챗,신한,0.3
청년,신한,0.3
최종구,신한,0.3
축하,신한,0.3
카드,신한,0.3
캐릭터,신한,0.3
커피,신한,0.3
콘,신한,0.3
킬러,신한,0.3
통신장비,신한,0.3
통일,신한,0.3
투비,신한,0.3
투자자,신한,0.3
트리,신한,0.3
판교,신한,0.3
포항,신한,0.3
핀테크,신한,0.3
하반기,신한,0.3
한화,신한,0.5
합병,신한,0.3
항공사,신한,0.3
해외,신한,0.3
행장,신한,0.3
형산강,신한,0.3
황교안,신한,0.3
회장,신한,0.3
희망,신한,0.3
BNPP,신한,0.3
KT,신한,0.5
P,신한,0.3
S,신한,0.3
투자,신한지주,0.3
ET,신한지주,0.3
신화인터텍,신화인터텍,1
전일,신화인터텍,0.3
fnRASSI,신화인터텍,0.3
투자,신흥에스이씨,0.3
ET,신흥에스이씨,0.3
싸이토젠,싸이토젠,1
전일,싸이토젠,0.3
거래소,썸에이지,0.3
권리락,썸에이지,0.3
모바일,썸에이지,0.3
썸에이지,썸에이지,1
유상,썸에이지,0.3
상승,쎄노텍,0.3
쎄노텍,쎄노텍,1
듀,쎌바이오텍,0.3
쎌바이오텍,쎌바이오텍,1
투자,쎌바이오텍,0.3
ET,쎌바이오텍,0.3
쏠리드,쏠리드,1
종목,쏠리드,0.3
투자,쏠리드,0.3
화웨이,쏠리드,0.3
ET,쏠리드,0.3
LG유플러스,쏠리드,0.5
투자,씨아이에스,0.3
ET,씨아이에스,0.3
공시,씨아이테크,0.3
씨아이테크,씨아이테크,1
유가증권,씨아이테크,0.3
베트남,씨에스윈드,0.3
상승,씨에스윈드,0.3
씨에스윈드,씨에스윈드,1
전력,씨에스윈드,0.3
전일,씨에스윈드,0.3
Vestas,씨에스윈드,0.3
씨엔플러스,씨엔플러스,1
커넥터,씨엔플러스,0.3
실적,씨젠,0.3
씨젠,씨젠,1
영업,씨젠,0.3
전일,씨젠,0.3
침체,씨젠,0.3
투자,씨젠,0.3
포트폴리오,씨젠,0.3
상승,씨케이에이치,0.3
씨케이에이치,씨케이에이치,1
씨큐브,씨큐브,1
한국전자금융,씨큐브,0.5
날,씨트리,0.3
씨트리,씨트리,1
씨티씨바이오,씨티씨바이오,1
특별,씨티씨바이오,0.3
아가방컴퍼니,아가방컴퍼니,1
최근,아가방컴퍼니,0.3
단기,아나패스,0.3
아나패스,아나패스,1
전일,아나패스,0.3
르,아난티,0.3
모나,아난티,0.3
아난티,아난티,1
종목,아난티,0.3
기술,아모레퍼시픽,0.3
기업,아모레퍼시픽,0.3
발명,아모레퍼시픽,0.3
생태,아모레퍼시픽,0.3
아모레퍼시픽,아모레퍼시픽,1
연구원,아모레퍼시픽,0.3
재단,아모레퍼시픽,0.3
테라,아모레퍼시픽,0.3
플라스틱,아모레퍼시픽,0.3
화장품,아모레퍼시픽,0.3
희비,아모레퍼시픽,0.3
아모레퍼시픽그룹,아모레퍼시픽그룹,1
여름,아모레퍼시픽그룹,0.3
아미코젠,아미코젠,1
특허,아미코젠,0.3
모집,아세아,0.3
정시,아세아,0.3
소형,아세아텍,0.3
아세아텍,아세아텍,1
아스타,아스타,1
카자흐스탄,아스타,0.3
코리,아스타,0.3
PRNewswire,아스타,0.3
아스트,아스트,1
유상,아스트,0.3
유선호,아스트,0.3
일정,아스트,0.3
증시,아스트,0.3
결국,아시아나항공,0.3
국내선,아시아나항공,0.3
권단,아시아나항공,0.3
그룹,아시아나항공,0.3
금호,아시아나항공,0.5
기체,아시아나항공,0.3
김해,아시아나항공,0.3
날개,아시아나항공,0.3
대한항공,아시아나항공,0.5
데일리,아시아나항공,0.3
도립,아시아나항공,0.3
레스,아시아나항공,0.3
매각,아시아나항공,0.3
미아,아시아나항공,0.3
방도,아시아나항공,0.3
빚,아시아나항공,0.3
상승,아시아나항공,0.3
선호,아시아나항공,0.3
신세계,아시아나항공,0.5
아시아나,아시아나항공,1
아시아나항공,아시아나항공,1
애경그룹,아시아나항공,0.3
여행사,아시아나항공,0.3
영구,아시아나항공,0.3
오전,아시아나항공,0.3
왕,아시아나항공,0.3
운명,아시아나항공,0.3
이번,아시아나항공,0.3
인보,아시아나항공,0.3
인수,아시아나항공,0.3
전,아시아나항공,0.3
전남,아시아나항공,0.3
주,아시아나항공,0.3
주인,아시아나항공,0.3
중국,아시아나항공,0.3
퇴출,아시아나항공,0.3
파문,아시아나항공,0.3
파워,아시아나항공,0.3
프레,아시아나항공,0.3
한화,아시아나항공,0.5
회계,아시아나항공,0.3
fnRASSI,아시아나항공,0.3
N,아시아나항공,0.3
NCSI,아시아나항공,0.3
SK,아시아나항공,0.5
단기,아시아나IDT,0.3
상승,아시아나IDT,0.3
아시아나IDT,아시아나IDT,1
fnRASSI,아시아나IDT,0.3
당뇨,아시아종묘,0.3
아시아종묘,아시아종묘,1
종자,아시아종묘,0.3
텃밭,아시아종묘,0.3
아이리버,아이리버,1
아이마켓코리아,아이마켓코리아,1
특별,아이마켓코리아,0.3
신한,아이센스,0.5
아이센스,아이센스,1
연속,아이센스,0.3
삼성,아이씨디,0.3
아이씨디,아이씨디,1
연속,아이씨디,0.3
ET,아이씨디,0.3
신주인수권,아이앤씨,0.3
아이앤씨,아이앤씨,1
특별,아이앤씨,0.3
BW,아이앤씨,0.3
fnRASSI,아이앤씨,0.3
박세철,아이엠,0.3
아이엠,아이엠,1
엠,아이엠,0.3
올림푸스,아이엠,0.3
채무,아이엠,0.3
한국,아이엠,0.3
아이에스동서,아이에스동서,1
인선이엔티,아이에스동서,0.5
메모리,아이에이,0.3
아이에이,아이에이,1
염성,아이에이,0.3
삼화네트웍스,아이에이치큐,0.5
주,아이에이치큐,0.3
주주,아이원스,0.3
청약,아이원스,0.3
아이즈비전,아이즈비전,1
최대,아이즈비전,0.3
fnRASSI,아이즈비전,0.3
사회,아이티센,0.3
아이티센,아이티센,1
목표,아주캐피탈,0.3
배당,아주캐피탈,0.3
시장,아주캐피탈,0.3
아주캐피탈,아주캐피탈,1
안정,아주캐피탈,0.3
투자,아주캐피탈,0.3
AA,아주캐피탈,0.3
씨큐브,아진산업,0.5
한국전자금융,아진산업,0.5
아트라스BX,아트라스BX,1
인터뷰,아트라스BX,0.3
남자,아티스,0.3
네일,아티스,0.3
달성,아티스,0.3
대표,아티스,0.3
미디어,아티스,0.3
벅스,아티스,0.3
상상,아티스,0.3
세계,아티스,0.3
세상,아티스,0.3
세종,아티스,0.3
센텀,아티스,0.3
신세계,아티스,0.5
아침마당,아티스,0.3
업,아티스,0.3
에스엠,아티스,0.5
이준영,아티스,0.3
인정,아티스,0.3
일,아티스,0.3
퍼시스,아티스,0.5
피아노,아티스,0.3
미디어,아프리카TV,0.3
아이템,아프리카TV,0.3
아프리카TV,아프리카TV,1
투자,아프리카TV,0.3
BJ,아프리카TV,0.3
금융,안랩,0.3
네트워크,안랩,0.3
안랩,안랩,1
안지오랩,안지오랩,1
코,안지오랩,0.3
혈관,안지오랩,0.3
상승,알루코,0.3
알루코,알루코,1
국내,알서포트,0.3
급등,알서포트,0.3
알서포트,알서포트,1
원격,알서포트,0.3
전일,알서포트,0.3
fnRASSI,알서포트,0.3
공시,알에프텍,0.3
알에프텍,알에프텍,1
전일,알에프텍,0.3
주가,알에프텍,0.3
필러,알에프텍,0.3
알엔투테크놀로지,알엔투테크놀로지,1
특별,알엔투테크놀로지,0.3
공시,알테오젠,0.3
알테오젠,알테오젠,1
우리산업,알테오젠,0.5
알티캐스트,알티캐스트,1
주가,알티캐스트,0.3
공시,알파홀딩스,0.3
규모,알파홀딩스,0.3
알파홀딩스,알파홀딩스,1
전환사채,알파홀딩스,0.3
코섹,알파홀딩스,0.3
플러스,알파홀딩스,0.3
가습기,애경산업,0.3
남성,애경산업,0.3
내추럴,애경산업,0.3
애경산업,애경산업,1
여성,애경산업,0.3
주가,애경산업,0.3
X,애경산업,0.3
거래소,애경유화,0.3
기관,애경유화,0.3
애경유화,애경유화,1
전일,애경유화,0.3
주가,애경유화,0.3
투자,액션스퀘어,0.3
ET,액션스퀘어,0.3
증권,앤디포스,0.3
토러스,앤디포스,0.3
규모,앤씨앤,0.3
앤씨앤,앤씨앤,1
앱클론,앱클론,1
항체,앱클론,0.3
강제,야스,0.3
마사,야스,0.3
법원,야스,0.3
야스,야스,1
외교부,야스,0.3
日,야스,0.3
일본,야스,0.3
재판부,야스,0.3
초대,야스,0.3
카스,야스,0.5
쿠니,야스,0.3
밀,양지사,0.3
양지사,양지사,1
에너토크,에너토크,1
전일,에너토크,0.3
에넥스,에넥스,1
익산,에넥스,0.3
주가,에넥스,0.3
중국,에넥스,0.3
텔레콤,에넥스,0.3
5G,에스넷,0.3
경신,에스넷,0.3
급등,에스넷,0.3
단기,에스넷,0.3
에스넷,에스넷,1
전일,에스넷,0.3
fnRASSI,에스넷,0.3
거래소,에스디시스템,0.3
규모,에스디시스템,0.3
시,에스디시스템,0.3
에스디시스템,에스디시스템,1
금호에이치티,에스맥,0.5
에스맥,에스맥,1
투자,에스모,0.3
ET,에스모,0.3
가치,에스엠,0.3
자산,에스엠,0.3
적극,에스엠,0.3
전일,에스엠,0.3
주주,에스엠,0.3
한진칼,에스엠,0.5
공시,에스에프에이,0.3
규모,에스에프에이,0.3
김영민,에스에프에이,0.3
디스플레이,에스에프에이,0.3
수주,에스에프에이,0.3
에스에프에이,에스에프에이,1
투자,에스에프에이,0.3
ET,에스에프에이,0.3
에스엘,에스엘,1
전일,에스엘,0.3
fnRASSI,에스엘,0.3
급등,에스엠,0.3
기관,에스엠,0.3
대표,에스엠,0.3
동물,에스엠,0.3
라이,에스엠,0.3
면세점,에스엠,0.3
반려,에스엠,0.3
신인,에스엠,0.3
씨,에스엠,0.3
에스엠,에스엠,1
운용,에스엠,0.3
주가,에스엠,0.3
주주,에스엠,0.3
코스닥,에스엠,0.3
콘,에스엠,0.3
특별,에스엠,0.3
KB,에스엠,0.3
에스엠코어,에스엠코어,1
ET,에스엠코어,0.3
공시,에스원,0.3
교육장,에스원,0.3
규모,에스원,0.3
기업,에스원,0.3
도전,에스원,0.3
삼성전자,에스원,0.5
알뜰,에스원,0.3
에스원,에스원,1
오토바이,에스원,0.3
폰,에스원,0.3
ET,에스원,0.3
거래,에스제이케이,0.3
거래소,에스제이케이,0.3
에스제이케이,에스제이케이,1
채권자,에스제이케이,0.3
파산,에스제이케이,0.3
에스티아이,에스티아이,1
전일,에스티아이,0.3
fnRASSI,에스티아이,0.3
에스티큐브,에스티큐브,1
전일,에스티큐브,0.3
에스티팜,에스티팜,1
투자,에스티팜,0.3
학회,에스티팜,0.3
ET,에스티팜,0.3
에스퓨얼셀,에스퓨얼셀,1
전일,에스퓨얼셀,0.3
투자,에스피지,0.3
ET,에스피지,0.3
기관,에어부산,0.3
기내,에어부산,0.3
김해,에어부산,0.3
날짜,에어부산,0.3
달,에어부산,0.3
대구,에어부산,0.3
동의대,에어부산,0.3
매각,에어부산,0.3
면세품,에어부산,0.3
버스,에어부산,0.3
사장,에어부산,0.3
승객,에어부산,0.3
아시아나항공,에어부산,0.5
에어부산,에어부산,1
임시,에어부산,0.3
자회사,에어부산,0.3
전일,에어부산,0.3
직원,에어부산,0.3
착륙,에어부산,0.3
한태근,에어부산,0.3
항공,에어부산,0.3
브랜드,에이블씨엔씨,0.3
에이블씨엔씨,에이블씨엔씨,1
외국인,에이블씨엔씨,0.3
전일,에이블씨엔씨,0.3
주가,에이블씨엔씨,0.3
취득,에이블씨엔씨,0.3
프리미엄,에이블씨엔씨,0.3
에이비엘바이오,에이비엘바이오,1
외국인,에이비엘바이오,0.3
이중,에이비엘바이오,0.3
종목,에이비엘바이오,0.3
코스닥,에이비엘바이오,0.3
ASCO,에이비엘바이오,0.3
에이비온,에이비온,1
특별,에이비온,0.3
기록,에이스침대,0.3
기업,에이스침대,0.3
매출,에이스침대,0.3
에이스침대,에이스침대,1
포스코,에이스침대,0.5
5G,에이스테크,0.3
미,에이스테크,0.3
에이스테크,에이스테크,1
외국인,에이스테크,0.3
fnRASSI,에이스테크,0.3
에이아이비트,에이아이비트,1
유상,에이아이비트,0.3
최대,에이아이비트,0.3
코스닥,에이아이비트,0.3
거래,에이앤티앤,0.3
거래소,에이앤티앤,0.3
공시,에이앤티앤,0.3
상장,에이앤티앤,0.3
에이앤티앤,에이앤티앤,1
KJ프리텍,에이앤티앤,0.5
경신,에이치엔티,0.3
급등,에이치엔티,0.3
단기,에이치엔티,0.3
상한가,에이치엔티,0.3
에이치엔티,에이치엔티,1
이상익,에이치엔티,0.3
자율,에이치엔티,0.3
전일,에이치엔티,0.3
최대,에이치엔티,0.3
코스닥,에이치엔티,0.3
투자,에이치엔티,0.3
특별,에이치엔티,0.3
ET,에이치엔티,0.3
fnRASSI,에이치엔티,0.3
거래,에이치엘비,0.3
에이치엘비,에이치엘비,1
외국인,에이치엘비,0.3
코스닥,에이치엘비,0.3
손해,에이치엘비생명과학,0.3
에이치엘비생명과학,에이치엘비생명과학,1
청구,에이치엘비생명과학,0.3
경신,에이치엘사이언스,0.3
공시,에이치엘사이언스,0.3
단기,에이치엘사이언스,0.3
에이치엘사이언스,에이치엘사이언스,1
여성,에이치엘사이언스,0.3
전일,에이치엘사이언스,0.3
특허,에이치엘사이언스,0.3
e,에이치엘사이언스,0.3
fnRASSI,에이치엘사이언스,0.3
단기,에이테크솔루션,0.3
에이테크솔루션,에이테크솔루션,1
에이티젠,에이티젠,1
fnRASSI,에이티젠,0.3
에이펙스인텍,에이펙스인텍,1
친환경,에이펙스인텍,0.3
규모,에이프로젠제약,0.3
밀러,에이프로젠제약,0.3
에이프로젠제약,에이프로젠제약,1
에이피티씨,에이피티씨,1
투자,에이피티씨,0.3
표,에이피티씨,0.3
ET,에이피티씨,0.3
경신,에치에프알,0.3
에치에프알,에치에프알,1
전일,에치에프알,0.3
투자,에치에프알,0.3
ET,에치에프알,0.3
급등,에코마케팅,0.3
에코마케팅,에코마케팅,1
최근,에코마케팅,0.3
이강덕,에코프로,0.3
포항,에코프로,0.3
에코프로비엠,에코프로비엠,1
전기차,에코프로비엠,0.3
전일,에코프로비엠,0.3
투자,에코프로비엠,0.3
ET,에코프로비엠,0.3
에프알텍,에프알텍,1
KT,에프알텍,0.5
에프앤가이드,에프앤가이드,1
윤우영,에프앤가이드,0.3
급등,에프에스티,0.3
메모리,에프에스티,0.3
에프에스티,에프에스티,1
종목,에프에스티,0.3
에프엔에스테크,에프엔에스테크,1
전일,에프엔에스테크,0.3
투자,에프엔에스테크,0.3
특별,에프엔에스테크,0.3
ET,에프엔에스테크,0.3
독감,엑세스바이오,0.3
엑세스바이오,엑세스바이오,1
FDA,엑세스바이오,0.3
엔브이에이치코리아,엔브이에이치코리아,1
GH신소재,엔브이에이치코리아,0.5
게임,엔씨소프트,0.3
리니지,엔씨소프트,0.3
스푼,엔씨소프트,0.3
신규,엔씨소프트,0.3
신작,엔씨소프트,0.3
실적,엔씨소프트,0.3
어린이,엔씨소프트,0.3
엔씨소프트,엔씨소프트,1
인텔,엔씨소프트,0.3
tvN,엔씨소프트,0.3
공시,엔에스,0.3
아이,엔에스,0.3
우진,엔에스,0.5
피앤텔,엔에스,0.5
기관,엔에스쇼핑,0.3
엔에스쇼핑,엔에스쇼핑,1
투자,엔에스쇼핑,0.3
ET,엔에스쇼핑,0.3
엔에이치스팩10호,엔에이치스팩10호,1
포인트엔지니어링,엔에이치스팩10호,0.5
보석,엔케이,0.3
엔케이,엔케이,1
온라인,엔케이,0.3
MMORPG,엔케이,0.3
단기,엔케이물산,0.3
엔케이물산,엔케이물산,1
아라드,엔텔스,0.3
미얀마,엘브이엠씨,0.3
엘브이엠씨,엘브이엠씨,1
홀딩스,엘브이엠씨,0.3
실적,엘비세미콘,0.3
엘비세미콘,엘비세미콘,1
전일,엘비세미콘,0.3
종목,엘비세미콘,0.3
엘아이에스,엘아이에스,1
임병동,엘아이에스,0.3
엘앤씨바이오,엘앤씨바이오,1
코스,엘앤씨바이오,0.3
상반기,엘앤에프,0.3
엘앤에프,엘앤에프,1
코발트,엘앤에프,0.3
엘앤케이바이오,엘앤케이바이오,1
FDA,엘앤케이바이오,0.3
단기,엘엠에스,0.3
엘엠에스,엘엠에스,1
전일,엘엠에스,0.3
종목,엘엠에스,0.3
fnRASSI,엘엠에스,0.3
규모,엘오티베큠,0.3
엘오티베큠,엘오티베큠,1
ET,엘오티베큠,0.3
Innotron,엘오티베큠,0.3
공시,엠게임,0.3
규모,엠게임,0.3
블록체인,엠게임,0.3
엠게임,엠게임,1
열혈,엠게임,0.3
ET,엠게임,0.3
엠씨넥스,엠씨넥스,1
전일,엠씨넥스,0.3
투자,엠씨넥스,0.3
ET,엠씨넥스,0.3
공시,엠아이텍,0.3
생산,엠아이텍,0.3
엠아이텍,엠아이텍,1
전일,엠아이텍,0.3
계열사,엠에스오토텍,0.3
엠에스오토텍,엠에스오토텍,1
주주,엠에스오토텍,0.3
청약,엠에스오토텍,0.3
규모,엠젠플러스,0.3
엠젠플러스,엠젠플러스,1
다각화,엠코르셋,0.3
뷰티,엠코르셋,0.3
사업,엠코르셋,0.3
엠코르셋,엠코르셋,1
공시,엠플러스,0.3
규모,엠플러스,0.3
그룹,엠플러스,0.3
농협,엠플러스,0.3
양곡,엠플러스,0.3
엠플러스,엠플러스,1
유진,엠플러스,0.3
퐁,엠플러스,0.3
핑크,엠플러스,0.3
Wanxiang,엠플러스,0.3
민언련,연우,0.3
사상,연우,0.3
상임,연우,0.3
신규,연우,0.3
연우,연우,1
외형,연우,0.3
호실,연우,0.3
베트남,영우디에스피,0.3
영우디에스피,영우디에스피,1
ET,영우디에스피,0.3
SAMSUNG,영우디에스피,0.3
투자,영원무역,0.3
ET,영원무역,0.3
영원무역홀딩스,영원무역홀딩스,1
주가,영원무역홀딩스,0.3
경북,영풍,0.3
문고,영풍,0.3
법,영풍,0.3
봉화,영풍,0.3
석포,영풍,0.3
영풍,영풍,1
이강인,영풍,0.3
정지,영풍,0.3
조업,영풍,0.3
태백,영풍,0.3
환경,영풍,0.3
소액,예스24,0.3
예스24,예스24,1
전일,예스24,0.3
주주,예스24,0.3
진에어,예스24,0.5
fnRASSI,예스24,0.3
예스티,예스티,1
종속,예스티,0.3
최근,예스티,0.3
fnRASSI,예스티,0.3
금,오공,0.3
발,오공,0.3
오공,오공,1
학부모,오공,0.3
오디텍,오디텍,1
자회사,오디텍,0.3
농심,오뚜기,0.5
미,오뚜기,0.3
반격,오뚜기,0.3
상반기,오뚜기,0.3
안정,오뚜기,0.3
오뚜기,오뚜기,1
주가,오뚜기,0.3
투자,오뚜기,0.3
오렌지라이프,오렌지라이프,1
인사,오렌지라이프,0.3
관광,오로라,0.3
그룹,오로라,0.3
뉴질랜드,오로라,0.3
바이오,오로라,0.3
부산,오로라,0.3
삼성,오로라,0.3
여객선,오로라,0.3
오로라,오로라,1
전일,오로라,0.3
현대차,오로라,0.3
fnRASSI,오로라,0.3
상승,오리엔트바이오,0.3
오리엔트바이오,오리엔트바이오,1
전일,오리엔트바이오,0.3
고양,오리온,0.3
닥터,오리온,0.3
대용식,오리온,0.3
마켓,오리온,0.3
식품,오리온,0.3
오리온,오리온,1
웅진,오리온,0.5
윤호영,오리온,0.3
이규홍,오리온,0.3
초코파이,오리온,0.3
카카오,오리온,0.5
투자,오리온,0.3
박,오리콤,0.3
서원,오리콤,0.5
오션브릿지,오션브릿지,1
특별,오션브릿지,0.3
오스템임플란트,오스템임플란트,1
전일,오스템임플란트,0.3
최고,오스템임플란트,0.3
투자,오스템임플란트,0.3
5G,오이솔루션,0.3
삼성전자,오이솔루션,0.5
수주,오이솔루션,0.3
연간,오이솔루션,0.3
오이솔루션,오이솔루션,1
주가,오이솔루션,0.3
넥스젠,오텍,0.3
닥터,오텍,0.3
바이,오텍,0.3
선진,오텍,0.5
오텍,오텍,1
캐리어,오텍,0.3
휴온스,오텍,0.5
GS,오텍,0.5
오파스넷,오파스넷,1
전일,오파스넷,0.3
ET,오파스넷,0.3
올릭스,올릭스,1
전일,올릭스,0.3
옵토팩,옵토팩,1
fnRASSI,옵토팩,0.3
경신,옵트론텍,0.3
베트남,옵트론텍,0.3
스마트폰,옵트론텍,0.3
실적,옵트론텍,0.3
양,옵트론텍,0.3
옵트론텍,옵트론텍,1
카메라,옵트론텍,0.3
옵티팜,옵티팜,1
전일,옵티팜,0.3
계절,와이솔,0.3
와이솔,와이솔,1
화웨이,와이솔,0.3
연속,와이엠씨,0.3
와이엠씨,와이엠씨,1
와이오엠,와이오엠,1
팬,와이오엠,0.3
와이제이엠게임즈,와이제이엠게임즈,1
VR,와이제이엠게임즈,0.3
투자,와이지-원,0.3
ET,와이지-원,0.3
양현석,와이지엔터테인먼트,0.3
와이지엔터테인먼트,와이지엔터테인먼트,1
드래곤,용평리조트,0.3
발왕산,용평리조트,0.3
세아베스틸,용평리조트,0.5
스키,용평리조트,0.3
스키장,용평리조트,0.3
올림픽,용평리조트,0.3
용평리조트,용평리조트,1
임창정,용평리조트,0.3
초정,용평리조트,0.3
피서객,용평리조트,0.3
우리금융지주,우리금융지주,1
투자,우리금융지주,0.3
ET,우리금융지주,0.3
IBK,우리금융지주,0.3
규모,우리기술,0.3
브라질,우리기술,0.3
우리기술,우리기술,1
코스닥,우리기술,0.3
fnRASSI,우리기술,0.3
우리기술투자,우리기술투자,1
전일,우리기술투자,0.3
알테오젠,우리산업,0.5
우리산업,우리산업,1
국내,우리손에프앤지,0.3
돼지고기,우리손에프앤지,0.3
무드,우리조명,0.3
우리조명,우리조명,1
급등,우성사료,0.3
단기,우성사료,0.3
우성사료,우성사료,1
이낙연,우성사료,0.3
종목,우성사료,0.3
투자,우수AMS,0.3
ET,우수AMS,0.3
공시,우원개발,0.3
규모,우원개발,0.3
우원개발,우원개발,1
ET,우원개발,0.3
우정바이오,우정바이오,1
환경부,우정바이오,0.3
우주일렉트로,우주일렉트로,1
격려사,우진,0.3
국가,우진,0.3
김택수,우진,0.3
나라,우진,0.3
발언,우진,0.3
보훈,우진,0.3
사,우진,0.3
사랑,우진,0.3
아이,우진,0.3
우진,우진,1
위문품,우진,0.3
인사말,우진,0.3
장,우진,0.3
전달,우진,0.3
찬사,우진,0.3
처장,우진,0.3
추모,우진,0.3
헌화,우진,0.3
훈련,우진,0.3
급등,우진비앤지,0.3
우진비앤지,우진비앤지,1
이원자,우진비앤지,0.3
전일,우진비앤지,0.3
전환사채,우진비앤지,0.3
종목,우진비앤지,0.3
크리스탈,우진비앤지,0.5
투자,우진비앤지,0.3
특별,우진비앤지,0.3
fnRASSI,우진비앤지,0.3
렌탈,웅진,0.3
로봇,웅진,0.3
롯데정보통신,웅진,0.5
산타,웅진,0.3
식품,웅진,0.3
싱글,웅진,0.3
웅진,웅진,1
코리아,웅진,0.3
플레이,웅진,0.3
AWS,웅진,0.3
문화,웅진씽크빅,0.3
에듀,웅진씽크빅,0.3
예비,웅진씽크빅,0.3
웅진씽크빅,웅진씽크빅,1
헤럴드,웅진씽크빅,0.3
홈플러스,웅진씽크빅,0.3
AI,웅진씽크빅,0.3
대출,웅진에너지,0.3
동부제철,웅진에너지,0.5
법원,웅진에너지,0.3
웅진에너지,웅진에너지,1
재산,웅진에너지,0.3
코스모화학,웅진에너지,0.5
관리기,웅진코웨이,0.3
렌,웅진코웨이,0.3
매트리스,웅진코웨이,0.3
슬림,웅진코웨이,0.3
시루,웅진코웨이,0.3
웅진코웨이,웅진코웨이,1
의류,웅진코웨이,0.3
정수기,웅진코웨이,0.3
사진,원림,0.3
전통,원림,0.3
원익,원익,1
투자,원익,0.3
ET,원익,0.3
QnC,원익,0.3
업그레이드,월덱스,0.3
월덱스,월덱스,1
fnRASSI,월덱스,0.3
상승,웰바이오텍,0.3
웰바이오텍,웰바이오텍,1
전일,웰바이오텍,0.3
특별,웰바이오텍,0.3
웰크론,웰크론,1
창립,웰크론,0.3
웰크론강원,웰크론강원,1
fnRASSI,웰크론강원,0.3
메리엄,웹스,0.3
모바일,웹젠,0.3
뮤,웹젠,0.3
신작,웹젠,0.3
실적,웹젠,0.3
웹젠,웹젠,1
전략,웹젠,0.3
투자,웹젠,0.3
ET,웹젠,0.3
RPG,웹젠,0.3
경리,웹케시,0.3
금융,웹케시,0.3
내년,웹케시,0.3
디지털,웹케시,0.3
올해,웹케시,0.3
웹케시,웹케시,1
투자,웹케시,0.3
BNK,웹케시,0.3
ET,웹케시,0.3
위닉스,위닉스,1
fnRASSI,위닉스,0.3
위메이드,위메이드,1
이카루스,위메이드,0.3
특별,위메이드,0.3
경신,위지윅스튜디오,0.3
외국,위지윅스튜디오,0.3
외국인,위지윅스튜디오,0.3
위지윅스튜디오,위지윅스튜디오,1
위지트,위지트,1
주가,위지트,0.3
송규정,윈스,0.3
윈스,윈스,1
투자,윈스,0.3
ET,윈스,0.3
주주,윈팩,0.3
청약,윈팩,0.3
윈하이텍,윈하이텍,1
ET,윈하이텍,0.3
유나이티드,유나이티드,1
투자,유나이티드,0.3
ET,유나이티드,0.3
투자,유니드,0.3
ET,유니드,0.3
유니온,유니온,1
종목,유니온,0.3
특별,유니온,0.3
외국인,유니온머티리얼,0.3
유니온머티리얼,유니온머티리얼,1
전일,유니온머티리얼,0.3
fnRASSI,유니온머티리얼,0.3
유니켐,유니켐,1
종속,유니켐,0.3
유니크,유니크,1
종목,유니크,0.3
유니테스트,유니테스트,1
증권사,유니테스트,0.3
백신,유바이오로직스,0.3
스웨덴,유바이오로직스,0.3
유바이오로직스,유바이오로직스,1
제노포커스,유바이오로직스,0.5
최대,유바이오로직스,0.3
투자,유바이오로직스,0.3
특별,유바이오로직스,0.3
ET,유바이오로직스,0.3
별정,유비벨록스,0.3
유비벨록스,유비벨록스,1
국내,유비케어,0.3
실적,유비케어,0.3
유비케어,유비케어,1
전일,유비케어,0.3
헬스케어,유비케어,0.3
5G,유비쿼스,0.3
매력,유비쿼스,0.3
유비쿼스,유비쿼스,1
경신,유비쿼스홀딩스,0.3
단기,유비쿼스홀딩스,0.3
유비쿼스홀딩스,유비쿼스홀딩스,1
전일,유비쿼스홀딩스,0.3
fnRASSI,유비쿼스홀딩스,0.3
경찰,유성기업,0.3
유성기업,유성기업,1
박정희,유신,0.3
블록체인,유신,0.3
비판,유신,0.3
선포,유신,0.3
외교,유신,0.3
유신,유신,1
정부,유신,0.3
공시,유안타증권,0.3
밍,유안타증권,0.3
수익,유안타증권,0.3
유안타증권,유안타증권,1
주간,유안타증권,0.3
추천,유안타증권,0.3
홈런,유안타증권,0.3
CME,유안타증권,0.3
공시,유앤아이,0.3
성실,유앤아이,0.3
유앤아이,유앤아이,1
유양디앤유,유양디앤유,1
주가,유양디앤유,0.3
건자재,유진기업,0.3
박상길,유진기업,0.3
유진기업,유진기업,1
재경,유진기업,0.3
투자,유진기업,0.3
ET,유진기업,0.3
성균관,유한양행,0.3
유한양행,유한양행,1
장학금,유한양행,0.3
ASCO,유한양행,0.3
상승,이구산업,0.3
이구산업,이구산업,1
상한가,이글벳,0.3
이글벳,이글벳,1
fnRASSI,이글벳,0.3
고성장,이노션,0.3
광고,이노션,0.3
미래,이노션,0.3
미주,이노션,0.3
소니,이노션,0.3
소비자,이노션,0.3
유럽,이노션,0.3
이노션,이노션,1
전공,이노션,0.3
투자,이노션,0.3
해외,이노션,0.3
시험,이노와이어리스,0.3
이노와이어리스,이노와이어리스,1
이노테라피,이노테라피,1
특허,이노테라피,0.3
거래선,이녹스첨단소재,0.3
이녹스첨단소재,이녹스첨단소재,1
투자,이녹스첨단소재,0.3
KT,이니텍,0.5
M,이니텍,0.3
개최,이디,0.3
건양,이디,0.3
다이치,이디,0.3
대통령,이디,0.3
동행,이디,0.3
리설주,이디,0.3
배려,이디,0.3
배우,이디,0.3
벅스,이디,0.3
스타,이디,0.3
아파트,이디,0.3
아포가토,이디,0.3
오윤아,이디,0.3
웨,이디,0.3
이디,이디,1
전남,이디,0.3
제,이디,0.3
커피,이디,0.3
코트디부아르,이디,0.3
크로커다일,이디,0.3
텍,이디,0.3
티,이디,0.3
이리츠코크렙,이리츠코크렙,1
주식,이리츠코크렙,0.3
가전,이마트,0.3
국산,이마트,0.3
근무,이마트,0.3
기업,이마트,0.3
달,이마트,0.3
다음,이마트,0.3
대표,이마트,0.3
더위,이마트,0.3
등급,이마트,0.3
르노삼성,이마트,0.3
매장,이마트,0.5
무더위,이마트,0.3
미래에셋대우,이마트,0.5
민어,이마트,0.3
민어회,이마트,0.3
반값,이마트,0.3
보양,이마트,0.3
삼성카드,이마트,0.5
상무,이마트,0.3
상생,이마트,0.3
생필품,이마트,0.3
서귀포,이마트,0.3
수입,이마트,0.3
시즌,이마트,0.3
신세계,이마트,0.5
아보카도,이마트,0.3
알뜰,이마트,0.3
에브리,이마트,0.3
여름,이마트,0.3
예년,이마트,0.3
이마트,이마트,1
이후,이마트,0.3
일렉트로,이마트,0.3
저소득층,이마트,0.3
정용진,이마트,0.3
지역,이마트,0.3
최대,이마트,0.3
캘리포니아,이마트,0.3
콘셉트,이마트,0.3
콜드,이마트,0.3
토요일,이마트,0.3
투자,이마트,0.3
판매,이마트,0.3
페이,이마트,0.3
피크닉,이마트,0.3
하반기,이마트,0.3
한우,이마트,0.3
할인,이마트,0.3
할인점,이마트,0.3
홈플러스,이마트,0.3
환불,이마트,0.3
B,이마트,0.3
ET,이마트,0.3
GIC,이마트,0.3
SK,이마트,0.5
SSG,이마트,0.3
tv,이마트,0.3
거래소,이매진아시아,0.3
공시,이매진아시아,0.3
이매진아시아,이매진아시아,1
코메론,이매진아시아,0.5
외국인,이수페타시스,0.3
이수페타시스,이수페타시스,1
이수화학,이수화학,1
자녀,이수화학,0.3
연속,이스트소프트,0.3
이스트소프트,이스트소프트,1
개선,이스트아시아홀딩스,0.3
거래소,이스트아시아홀딩스,0.3
이스트아시아홀딩스,이스트아시아홀딩스,1
단기,이아이디,0.3
상승,이아이디,0.3
이아이디,이아이디,1
투자,이아이디,0.3
특별,이아이디,0.3
ET,이아이디,0.3
이엘케이,이엘케이,1
이엠코리아,이엠코리아,1
주가,이엠코리아,0.3
단기,이월드,0.3
대구,이월드,0.3
이낙연,이월드,0.3
이월드,이월드,1
전국,이월드,0.3
톱,이월드,0.3
상승,이즈미디어,0.3
이즈미디어,이즈미디어,1
이지바이오,이지바이오,1
종목,이지바이오,0.3
미국,이지케어텍,0.3
이지케어텍,이지케어텍,1
주당,이지케어텍,0.3
이선미,이테크건설,0.3
이트론,이트론,1
토,이트론,0.3
KIST,이트론,0.3
유럽,인바디,0.3
인바디,인바디,1
투자,인바디,0.3
하반기,인바디,0.3
아이에스동서,인선이엔티,0.5
인선이엔티,인선이엔티,1
전일,인선이엔티,0.3
종목,인선이엔티,0.3
노화,인스코비,0.3
인스코비,인스코비,1
인지컨트롤스,인지컨트롤스,1
전일,인지컨트롤스,0.3
바이오,인콘,0.3
인콘,인콘,1
자회사,인콘,0.3
전일,인콘,0.3
인크로스,인크로스,1
fnRASSI,인크로스,0.3
단기,인탑스,0.3
인탑스,인탑스,1
전일,인탑스,0.3
디즈니,인터파크,0.3
쇼핑,인터파크,0.3
여행,인터파크,0.3
오픈,인터파크,0.3
온라인,인터파크,0.3
이벤트,인터파크,0.3
인터파크,인터파크,1
토스,인터파크,0.3
투어,인터파크,0.3
투자,인터파크,0.3
티켓,인터파크,0.3
ET,인터파크,0.3
단기,인텍플러스,0.3
유성구,인텍플러스,0.3
인텍플러스,인텍플러스,1
전일,인텍플러스,0.3
성장,인텔리안테크,0.3
인텔리안테크,인텔리안테크,1
전일,인텔리안테크,0.3
대여금,인트로메딕,0.3
인트로메딕,인트로메딕,1
캡슐,인트로메딕,0.3
그룹,일동제약,0.3
안성,일동제약,0.3
일동제약,일동제약,1
특별,일동제약,0.3
일신바이오,일신바이오,1
종근당바이오,일신바이오,0.5
이욱현,일양약품,0.3
일양약품,일양약품,1
상승,일진다이아,0.3
일진다이아,일진다이아,1
외국,일진디스플,0.3
일진디스플,일진디스플,1
분기,일진머티리얼즈,0.3
일진머티리얼즈,일진머티리얼즈,1
종목,일진머티리얼즈,0.3
일진홀딩스,일진홀딩스,1
전일,일진홀딩스,0.3
fnRASSI,일진홀딩스,0.3
단기,잇츠한불,0.3
잇츠한불,잇츠한불,1
투자,잇츠한불,0.3
ET,잇츠한불,0.3
fnRASSI,잇츠한불,0.3
잉크테크,잉크테크,1
특별,잉크테크,0.3
규모,자연과환경,0.3
물류,자연과환경,0.3
상승,자연과환경,0.3
에이,자연과환경,0.3
자연과환경,자연과환경,1
치디,자연과환경,0.3
ET,자연과환경,0.3
경기,전방,0.3
기업체,전방,0.3
농협,전방,0.3
도시,전방,0.3
상품,전방,0.3
운,전방,0.3
전,전방,0.3
중앙,전방,0.3
파생,전방,0.3
단기,전진바이오팜,0.3
전진바이오팜,전진바이오팜,1
공시,전파기지국,0.3
규모,전파기지국,0.3
전파기지국,전파기지국,1
조달청,전파기지국,0.3
종목,전파기지국,0.3
ET,전파기지국,0.3
교황청,정다운,0.3
박준용,정다운,0.3
외교관,정다운,0.3
한국인,정다운,0.3
TFC,정다운,0.3
공시,정상제이엘에스,0.3
마포구,정상제이엘에스,0.3
정상제이엘에스,정상제이엘에스,1
e,정상제이엘에스,0.3
제낙스,제낙스,1
제넥신,제넥신,1
지속,제넥신,0.3
호중구,제넥신,0.3
제넨바이오,제넨바이오,1
fnRASSI,제넨바이오,0.3
투자,제노레이,0.3
ET,제노레이,0.3
유바이오로직스,제노포커스,0.5
제노포커스,제노포커스,1
공식,제로투세븐,0.3
단기,제로투세븐,0.3
제로투세븐,제로투세븐,1
전일,제룡산업,0.3
제룡산업,제룡산업,1
단기,제미니투자,0.3
제미니투자,제미니투자,1
재팬,제우스,0.3
카페24,제우스,0.5
기관,제이브이엠,0.3
전일,제이브이엠,0.3
제이브이엠,제이브이엠,1
fnRASSI,제이브이엠,0.3
상승,제이스텍,0.3
전일,제이스텍,0.3
제이스텍,제이스텍,1
제이씨케미칼,제이씨케미칼,1
특별,제이씨케미칼,0.3
방송,제이에스티나,0.3
뷰티,제이에스티나,0.3
얼굴,제이에스티나,0.3
제이에스티나,제이에스티나,1
크리스마스,제이에스티나,0.3
규모,제이엔케이히터,0.3
제이엔케이히터,제이엔케이히터,1
제이웨이,제이웨이,1
채무,제이웨이,0.3
변경,제이준코스메틱,0.3
상장,제이준코스메틱,0.3
자외선,제이준코스메틱,0.3
제이준코스메틱,제이준코스메틱,1
드라마,제이콘텐트리,0.3
제이콘텐트리,제이콘텐트리,1
투자,제이콘텐트리,0.3
광고,제일기획,0.3
글로벌,제일기획,0.3
대표,제일기획,0.3
라이언즈,제일기획,0.3
세계,제일기획,0.3
신한,제일기획,0.5
실적,제일기획,0.3
적극,제일기획,0.3
전공,제일기획,0.3
제일기획,제일기획,1
최근,제일기획,0.3
칸,제일기획,0.3
투자,제일기획,0.3
펀,제일기획,0.3
포트폴리오,제일기획,0.3
해외,제일기획,0.3
호실,제일기획,0.3
제일바이오,제일바이오,1
fnRASSI,제일바이오,0.3
삼양,제일약품,0.3
제일약품,제일약품,1
신주,제일제강,0.3
제일제강,제일제강,1
투자,제일제강,0.3
ET,제일제강,0.3
공시,제일제당,0.3
마켓,제일제당,0.3
시그널,제일제당,0.3
실청,제일제당,0.3
인사이트,제일제당,0.3
제일제당,제일제당,1
콩국수,제일제당,0.3
키트,제일제당,0.3
편식,제일제당,0.3
CJ,제일제당,0.5
전일,제일파마홀딩스,0.3
제일파마홀딩스,제일파마홀딩스,1
제주,제주은행,0.3
제주은행,제주은행,1
카,제주은행,0.3
김포,제주항공,0.3
대입,제주항공,0.3
매출,제주항공,0.3
모성,제주항공,0.3
부산,제주항공,0.3
비행기,제주항공,0.3
안용찬,제주항공,0.3
애경그룹,제주항공,0.3
여름,제주항공,0.3
연간,제주항공,0.3
원더,제주항공,0.3
위,제주항공,0.3
인천,제주항공,0.3
장단,제주항공,0.3
제주,제주항공,0.3
제주항공,제주항공,1
제트스타,제주항공,0.3
죠스떡볶이,제주항공,0.3
주가,제주항공,0.3
최신예,제주항공,0.3
투어,제주항공,0.3
투자,제주항공,0.3
항공기,제주항공,0.3
ET,제주항공,0.3
JJ,제주항공,0.3
LCC,제주항공,0.3
젠큐릭스,젠큐릭스,1
최대,젠큐릭스,0.3
젬백스,젬백스,1
항,젬백스,0.3
영도구,조광페인트,0.3
조광페인트,조광페인트,1
상승,조광피혁,0.3
조광피혁,조광피혁,1
단기,조비,0.3
법,조비,0.3
부산,조비,0.3
업체,조비,0.3
조비,조비,1
폐업,조비,0.3
단기,조선내화,0.3
조선내화,조선내화,1
주가,조선내화,0.3
규모,조선선재,0.3
조선선재,조선선재,1
이상,조이맥스,0.3
조이맥스,조이맥스,1
가정,조이시티,0.3
조이시티,조이시티,1
투자,조이시티,0.3
ET,조이시티,0.3
건강,종근당,0.3
경찰,종근당,0.3
뉴,종근당,0.3
막말,종근당,0.3
봄철,종근당,0.3
아티,종근당,0.3
약제학,종근당,0.3
에이,종근당,0.3
연구,종근당,0.3
올해,종근당,0.3
유럽,종근당,0.3
자회사,종근당,0.3
종근당,종근당,1
종근당홀딩스,종근당,0.5
투자,종근당,0.3
한국,종근당,0.3
ET,종근당,0.3
R,종근당,0.3
일신바이오,종근당바이오,0.5
종근당바이오,종근당바이오,1
우리,종근당홀딩스,0.3
자회사,종근당홀딩스,0.3
전일,종근당홀딩스,0.3
종근당홀딩스,종근당홀딩스,1
위생,좋은사람들,0.3
좋은사람들,좋은사람들,1
기반,줌인터넷,0.3
서비스,줌인터넷,0.3
중앙백신,중앙백신,1
fnRASSI,중앙백신,0.3
방광암,지노믹트리,0.3
완화,지노믹트리,0.3
전일,지노믹트리,0.3
지노믹트리,지노믹트리,1
확증,지노믹트리,0.3
지니뮤직,지니뮤직,1
힙합,지니뮤직,0.3
EBS,지니뮤직,0.3
KT,지니뮤직,0.5
규모,지니언스,0.3
영국,지니언스,0.3
자기,지니언스,0.3
지니언스,지니언스,1
취득,지니언스,0.3
fnRASSI,지니언스,0.3
규모,지스마트글로벌,0.3
지스마트글로벌,지스마트글로벌,1
투자,지스마트글로벌,0.3
ET,지스마트글로벌,0.3
성장,지어소프트,0.3
전일,지어소프트,0.3
지어소프트,지어소프트,1
외국인,지엠비코리아,0.3
전일,지엠비코리아,0.3
지엠비코리아,지엠비코리아,1
지엠피,지엠피,1
fnRASSI,지엠피,0.3
VT,지엠피,0.3
동계,지역난방공사,0.3
신입,지역난방공사,0.3
지역난방공사,지역난방공사,1
통합,지역난방공사,0.3
한국,지역난방공사,0.3
거래소,지와이커머스,0.3
지와이커머스,지와이커머스,1
리복,지코,0.3
뮤,지코,0.3
지코,지코,1
녹원씨엔아이,지투하이소닉,0.5
지투하이소닉,지투하이소닉,1
최종,지투하이소닉,0.3
코스닥,지투하이소닉,0.3
펀드,지투하이소닉,0.3
헤지,지투하이소닉,0.3
지트리비앤티,지트리비앤티,1
질환,지트리비앤티,0.3
급등,지티지웰니스,0.3
상승,지티지웰니스,0.3
전일,지티지웰니스,0.3
제품,지티지웰니스,0.3
지티지웰니스,지티지웰니스,1
진출,지티지웰니스,0.3
전일,진매트릭스,0.3
진매트릭스,진매트릭스,1
급등,진바이오텍,0.3
상승,진바이오텍,0.3
진바이오텍,진바이오텍,1
기관,진양산업,0.3
전일,진양산업,0.3
진양산업,진양산업,1
급등,진양화학,0.3
상승,진양화학,0.3
진양화학,진양화학,1
객실,진에어,0.3
게임즈,진에어,0.3
과징금,진에어,0.3
국토,진에어,0.3
극동,진에어,0.3
라이엇,진에어,0.3
면허,진에어,0.3
부,진에어,0.3
서머,진에어,0.3
스키니,진에어,0.3
승무원,진에어,0.3
실습,진에어,0.3
예스24,진에어,0.5
유니폼,진에어,0.3
일본,진에어,0.3
조양호,진에어,0.3
조원태,진에어,0.3
중원,진에어,0.3
직원,진에어,0.3
진,진에어,0.3
진에어,진에어,1
청문회,진에어,0.3
청바지,진에어,0.3
항공,진에어,0.3
kt,진에어,0.3
상승,진원생명과학,0.3
진원생명과학,진원생명과학,1
공시,진흥기업,0.3
진흥기업,진흥기업,1
건강,질경이,0.3
마음,질경이,0.3
여성,질경이,0.3
질경이,질경이,1
사망,차바이오텍,0.3
신생아,차바이오텍,0.3
은폐,차바이오텍,0.3
차바이오텍,차바이오텍,1
차병원,차바이오텍,0.3
감사,차이나그레이트,0.3
이틀,차이나그레이트,0.3
차이나그레이트,차이나그레이트,1
참엔지니어링,참엔지니어링,1
ET,참엔지니어링,0.3
가족,참좋은여행,0.3
강,참좋은여행,0.3
경찰,참좋은여행,0.3
고개,참좋은여행,0.3
고객,참좋은여행,0.3
관계자,참좋은여행,0.3
관련,참좋은여행,0.3
구조,참좋은여행,0.3
기자,참좋은여행,0.3
긴장감,참좋은여행,0.3
내일,참좋은여행,0.3
다뉴브,참좋은여행,0.3
다뉴브강,참좋은여행,0.3
대책,참좋은여행,0.3
부다페스트,참좋은여행,0.3
분주,참좋은여행,0.3
브리핑,참좋은여행,0.3
사,참좋은여행,0.3
사고,참좋은여행,0.3
사고자,참좋은여행,0.3
사과,참좋은여행,0.3
사무실,참좋은여행,0.3
사진,참좋은여행,0.3
상황,참좋은여행,0.3
선착장,참좋은여행,0.3
센강,참좋은여행,0.3
속보,참좋은여행,0.3
손,참좋은여행,0.3
야경,참좋은여행,0.3
여행,참좋은여행,0.3
여행사,참좋은여행,0.3
연결,참좋은여행,0.3
외교부,참좋은여행,0.3
유람선,참좋은여행,0.3
유럽,참좋은여행,0.3
이상,참좋은여행,0.3
이상무,참좋은여행,0.3
입장,참좋은여행,0.3
전무,참좋은여행,0.3
정박,참좋은여행,0.3
정부,참좋은여행,0.3
종합,참좋은여행,0.3
중견,참좋은여행,0.3
참좋은여행,참좋은여행,1
최선,참좋은여행,0.3
추돌,참좋은여행,0.3
출국,참좋은여행,0.3
취재진,참좋은여행,0.3
침몰,참좋은여행,0.3
탑승,참좋은여행,0.3
탑승객,참좋은여행,0.3
투어,참좋은여행,0.3
투자,참좋은여행,0.3
포토,참좋은여행,0.3
피해,참좋은여행,0.3
피해자,참좋은여행,0.3
헝가리,참좋은여행,0.3
현장,참좋은여행,0.3
ET,참좋은여행,0.3
마켓,창해에탄올,0.3
인사이트,창해에탄올,0.3
투자,창해에탄올,0.3
ET,창해에탄올,0.3
경북,천보,0.3
별,천보,0.3
영주,천보,0.3
천보,천보,1
탄생,천보,0.3
합,천보,0.3
투자,청담러닝,0.3
ET,청담러닝,0.3
단기,체시스,0.3
전일,체시스,0.3
체시스,체시스,1
최근,체시스,0.3
fnRASSI,체시스,0.3
투자,초록뱀,0.3
ET,초록뱀,0.3
박,카스,0.3
초대,카스,0.3
카스,카스,1
퀴어,카스,0.3
텔라,카스,0.3
가상화폐,카카오,0.3
거부,카카오,0.3
게임,카카오,0.3
게임즈,카카오,0.3
계좌,카카오,0.3
광고,카카오,0.3
국민,카카오,0.3
그라운드,카카오,0.3
금융,카카오,0.3
기본급,카카오,0.3
김범수,카카오,0.3
남산,카카오,0.3
납부,카카오,0.3
내실,카카오,0.3
네이버,카카오,0.3
넥,카카오,0.3
넥슨,카카오,0.3
노사,카카오,0.3
논란,카카오,0.3
농협,카카오,0.3
다음,카카오,0.3
대용식,카카오,0.3
대표,카카오,0.3
돌하르방,카카오,0.3
라스베이거스,카카오,0.3
라이언,카카오,0.3
레이더,카카오,0.3
로엔,카카오,0.3
롯데마트,카카오,0.3
류긍선,카카오,0.3
리포트,카카오,0.3
마켓,카카오,0.3
맥심,카카오,0.3
모바일,카카오,0.3
모빌리티,카카오,0.3
무료,카카오,0.3
배틀,카카오,0.3
백화점,카카오,0.3
뱅크,카카오,0.3
보험료,카카오,0.3
블록체인,카카오,0.3
사업,카카오,0.3
서울,카카오,0.3
스마트,카카오,0.3
슬리버,카카오,0.3
승차,카카오,0.3
시장,카카오,0.3
식품,카카오,0.3
신사업,카카오,0.3
신세계,카카오,0.5
아들,카카오,0.3
아이스,카카오,0.3
에어,카카오,0.3
여름,카카오,0.3
연계,카카오,0.3
오늘,카카오,0.3
오리온,카카오,0.5
위,카카오,0.3
유료,카카오,0.3
육아,카카오,0.3
음성,카카오,0.3
이모티콘,카카오,0.3
인사이트,카카오,0.3
임금,카카오,0.3
입찰,카카오,0.3
제주,카카오,0.3
종목,카카오,0.3
주식,카카오,0.3
증시,카카오,0.3
지방세,카카오,0.3
차량,카카오,0.3
창원시,카카오,0.3
최우수,카카오,0.3
카카오,카카오,1
카페,카카오,0.3
카풀,카카오,0.3
캐릭터,카카오,0.3
콘서트,카카오,0.3
클레이튼,카카오,0.3
택시,카카오,0.3
템,카카오,0.3
테라,카카오,0.3
톡,카카오,0.3
토크,카카오,0.3
투자,카카오,0.3
티비,카카오,0.3
페이,카카오,0.3
페이지,카카오,0.3
프렌즈,카카오,0.3
하르방,카카오,0.3
한정판,카카오,0.3
해외,카카오,0.3
호반,카카오,0.3
확인,카카오,0.3
흐름,카카오,0.3
희비,카카오,0.3
AI,카카오,0.3
GS,카카오,0.5
KT,카카오,0.5
NH,카카오,0.3
X,카카오,0.3
디자인,카페24,0.3
브리치,카페24,0.3
쇼핑몰,카페24,0.3
온라인,카페24,0.3
재팬,카페24,0.3
증권,카페24,0.3
창업,카페24,0.3
최신,카페24,0.3
카페24,카페24,1
테슬라,카페24,0.3
토러스,카페24,0.3
특별,카페24,0.3
캠시스,캠시스,1
fnRASSI,캠시스,0.3
계열사,컨버즈,0.3
아산,컨버즈,0.3
제지,컨버즈,0.3
컨버즈,컨버즈,1
넷플릭스,컴투스,0.3
닝,컴투스,0.5
사커,컴투스,0.3
쇼크,컴투스,0.5
자기,컴투스,0.3
자회사,컴투스,0.3
컴투스,컴투스,1
특별,컴투스,0.3
거래,케이비제10호스팩,0.3
케이비제10호스팩,케이비제10호스팩,1
투자,케이씨텍,0.3
ET,케이씨텍,0.3
경신,케이아이엔엑스,0.3
기관,케이아이엔엑스,0.3
케이아이엔엑스,케이아이엔엑스,1
fnRASSI,케이아이엔엑스,0.3
창업,케이엠,0.3
케이엠,케이엠,1
5G,케이엠더블유,0.3
단기,케이엠더블유,0.3
스타워즈,케이엠더블유,0.3
실적,케이엠더블유,0.3
종목,케이엠더블유,0.3
주가,케이엠더블유,0.3
케이엠더블유,케이엠더블유,1
투자,케이엠더블유,0.3
호실,케이엠더블유,0.3
ET,케이엠더블유,0.3
fnRASSI,케이엠더블유,0.3
넷마블,케이프,0.5
레스,케이프,0.3
신세계,케이프,0.5
신작,케이프,0.3
실적,케이프,0.3
케이프,케이프,1
계열사,켐트로닉스,0.3
켐트로닉스,켐트로닉스,1
코나아이,코나아이,1
fnRASSI,코나아이,0.3
거래소,코드네이처,0.3
코드네이처,코드네이처,1
구인난,코디,0.3
대구,코디,0.3
도립,코디,0.3
보건,코디,0.3
신졸,코디,0.3
충남,코디,0.3
SK,코디,0.5
Y,코디,0.3
삼성,코디엠,0.3
코디엠,코디엠,1
필로,코디엠,0.3
거래소,코렌텍,0.3
서울대,코리아나,0.3
캠퍼스,코리아나,0.3
종목,코리아에프티,0.3
코리아에프티,코리아에프티,1
거래소,코메론,0.3
공시,코메론,0.3
성실,코메론,0.3
코메론,코메론,1
투자,코미코,0.3
ET,코미코,0.3
규모,코미팜,0.3
전일,코미팜,0.3
최근,코미팜,0.3
코미팜,코미팜,1
기술,코스맥스,0.3
물,코스맥스,0.3
제품,코스맥스,0.3
친환경,코스맥스,0.3
코스맥스,코스맥스,1
화장품,코스맥스,0.3
이종,코스메카코리아,0.3
코스메카코리아,코스메카코리아,1
특허,코스메카코리아,0.3
상승,코스모신소재,0.3
코스모신소재,코스모신소재,1
투자,코스모신소재,0.3
ET,코스모신소재,0.3
동부제철,코스모화학,0.5
종목,코스모화학,0.3
코스모화학,코스모화학,1
전환사채,코아스템,0.3
코아스템,코아스템,1
전일,코엔텍,0.3
코엔텍,코엔텍,1
가짜,코오롱,0.3
거래,코오롱,0.3
검찰,코오롱,0.3
경영진,코오롱,0.3
국내,코오롱,0.3
그룹,코오롱,0.3
대주주,코오롱,0.3
대출,코오롱,0.3
대표,코오롱,0.3
바이오,코오롱,0.3
바이오산업,코오롱,0.3
배상,코오롱,0.3
법무법인,코오롱,0.3
보사,코오롱,0.3
부개역,코오롱,0.3
분석,코오롱,0.3
분양,코오롱,0.3
사태,코오롱,0.3
산업,코오롱,0.3
생명,코오롱,0.3
세포,코오롱,0.3
소송,코오롱,0.3
쇼크,코오롱,0.3
수소,코오롱,0.3
스포츠,코오롱,0.3
시한폭탄,코오롱,0.3
신장,코오롱,0.3
아파트,코오롱,0.3
업계,코오롱,0.3
연골,코오롱,0.3
연봉,코오롱,0.3
영업,코오롱,0.3
오운,코오롱,0.3
우정,코오롱,0.3
위기,코오롱,0.3
이우석,코오롱,0.3
이웅열,코오롱,0.3
인보,코오롱,0.3
인천,코오롱,0.3
자식,코오롱,0.3
정황,코오롱,0.3
종목,코오롱,0.3
주가,코오롱,0.3
주사,코오롱,0.3
주식,코오롱,0.3
중학생,코오롱,0.3
처,코오롱,0.3
처장,코오롱,0.3
체크,코오롱,0.3
최종,코오롱,0.3
취소,코오롱,0.3
케이주,코오롱,0.3
코오롱,코오롱,1
코오롱글로벌,코오롱,0.5
코오롱티슈진,코오롱,0.5
킴스,코오롱,0.3
퇴출,코오롱,0.3
투약,코오롱,0.3
투자,코오롱,0.3
편리,코오롱,0.3
품목,코오롱,0.3
한누리,코오롱,0.3
허가,코오롱,0.3
환자,코오롱,0.3
Down,코오롱,0.3
FnC,코오롱,0.3
SK,코오롱,0.5
대출,코오롱글로벌,0.3
부개역,코오롱글로벌,0.3
인천,코오롱글로벌,0.3
전일,코오롱글로벌,0.3
최근,코오롱글로벌,0.3
코오롱글로벌,코오롱글로벌,1
투자,코오롱글로벌,0.3
하청,코오롱글로벌,0.3
ET,코오롱글로벌,0.3
거래,코오롱생명과학,0.3
거래소,코오롱생명과학,0.3
국내,코오롱생명과학,0.3
먹구름,코오롱생명과학,0.3
미국,코오롱생명과학,0.3
반,코오롱생명과학,0.3
발표,코오롱생명과학,0.3
보사,코오롱생명과학,0.3
사태,코오롱생명과학,0.3
성분,코오롱생명과학,0.3
속보,코오롱생명과학,0.3
손해보험,코오롱생명과학,0.3
약,코오롱생명과학,0.3
연결,코오롱생명과학,0.3
외인,코오롱생명과학,0.3
인보,코오롱생명과학,0.3
재개,코오롱생명과학,0.3
전일,코오롱생명과학,0.3
정규직,코오롱생명과학,0.3
정지,코오롱생명과학,0.3
조작,코오롱생명과학,0.3
주,코오롱생명과학,0.3
주가,코오롱생명과학,0.3
처,코오롱생명과학,0.3
취소,코오롱생명과학,0.3
케이주,코오롱생명과학,0.3
코오롱생명과학,코오롱생명과학,1
코오롱티슈진,코오롱생명과학,0.5
투약,코오롱생명과학,0.3
파문,코오롱생명과학,0.3
품목,코오롱생명과학,0.3
하루,코오롱생명과학,0.3
허가,코오롱생명과학,0.3
현장,코오롱생명과학,0.3
fnRASSI,코오롱생명과학,0.3
거래,코오롱티슈진,0.3
거래소,코오롱티슈진,0.3
급락,코오롱티슈진,0.3
대표,코오롱티슈진,0.3
미국,코오롱티슈진,0.3
보사,코오롱티슈진,0.3
사태,코오롱티슈진,0.3
상장,코오롱티슈진,0.3
실질,코오롱티슈진,0.3
오늘,코오롱티슈진,0.3
우려,코오롱티슈진,0.3
이우석,코오롱티슈진,0.3
인보,코오롱티슈진,0.3
정지,코오롱티슈진,0.3
종목,코오롱티슈진,0.3
주가,코오롱티슈진,0.3
주식,코오롱티슈진,0.3
주주,코오롱티슈진,0.3
처,코오롱티슈진,0.3
코오롱티슈진,코오롱티슈진,1
키워드,코오롱티슈진,0.3
폐지,코오롱티슈진,0.3
한국,코오롱티슈진,0.3
허가,코오롱티슈진,0.3
코웰패션,코웰패션,1
투자,코웰패션,0.3
Hot,코웰패션,0.3
경신,코위버,0.3
코위버,코위버,1
ET,코위버,0.3
투자,코텍,0.3
ET,코텍,0.3
건강,콜마비앤에이치,0.3
수출,콜마비앤에이치,0.3
안정,콜마비앤에이치,0.3
애터,콜마비앤에이치,0.3
콜마비앤에이치,콜마비앤에이치,1
투자,콜마비앤에이치,0.3
전기료,쿠첸,0.3
주가,쿠첸,0.3
쿠첸,쿠첸,1
인앤아웃,쿠쿠홈시스,0.3
쿠쿠홈시스,쿠쿠홈시스,1
인공,큐렉소,0.3
큐렉소,큐렉소,1
규모,큐로,0.3
큐로,큐로,1
ET,큐로,0.3
fnRASSI,큐로,0.3
큐로컴,큐로컴,1
ET,큐로컴,0.3
전일,큐에스아이,0.3
큐에스아이,큐에스아이,1
상승,큐캐피탈,0.3
큐캐피탈,큐캐피탈,1
크로바하이텍,크로바하이텍,1
종속,크루셜텍,0.3
크루셜텍,크루셜텍,1
키보드,크루셜텍,0.3
fnRASSI,크루셜텍,0.3
상승,크리스에프앤씨,0.3
크리스에프앤씨,크리스에프앤씨,1
우진비앤지,크리스탈,0.5
크리스탈,크리스탈,1
상승,크리스탈신소재,0.3
장중,크리스탈신소재,0.3
크리스탈신소재,크리스탈신소재,1
투자,크리스탈신소재,0.3
ET,크리스탈신소재,0.3
발명,클래시스,0.3
전일,클래시스,0.3
클래시스,클래시스,1
급등,클리오,0.3
전일,클리오,0.3
클리오,클리오,1
투자,클리오,0.3
ET,클리오,0.3
Hot,클리오,0.3
키다리스튜디오,키다리스튜디오,1
특별,키다리스튜디오,0.3
글로벌,키움증권,0.3
금리,키움증권,0.3
기준,키움증권,0.3
다우기술,키움증권,0.5
불허,키움증권,0.3
인터넷,키움증권,0.3
지급식,키움증권,0.3
채권,키움증권,0.3
키움증권,키움증권,1
펀드,키움증권,0.3
한화,키움증권,0.5
급등,키이스트,0.3
방탄소년단,키이스트,0.3
전일,키이스트,0.3
코스닥,키이스트,0.3
키이스트,키이스트,1
fnRASSI,키이스트,0.3
탑엔지니어링,탑엔지니어링,1
기관,태경화학,0.3
태경화학,태경화학,1
국세청,태광,0.3
기업,태광,0.3
매천,태광,0.3
문화,태광,0.3
태광,태광,1
TF,태광,0.3
태광산업,태광산업,1
경신,태림포장,0.3
단기,태림포장,0.3
레이더,태림포장,0.3
태림포장,태림포장,1
fnRASSI,태림포장,0.3
M,태림포장,0.3
상승,태영건설,0.3
태영건설,태영건설,1
투자,태영건설,0.3
현대건설,태영건설,0.5
ET,태영건설,0.3
fnRASSI,태영건설,0.3
교수,태웅,0.3
北,태웅,0.3
태웅,태웅,1
현대캐피탈,태웅,0.3
친환경,태평양물산,0.3
태평양물산,태평양물산,1
루게릭,테라젠이텍스,0.3
테라젠이텍스,테라젠이텍스,1
규모,테스나,0.3
테스나,테스나,1
CIS,테스나,0.3
5G,텔코웨어,0.3
텔코웨어,텔코웨어,1
글로시,토니모리,0.3
메이크업,토니모리,0.3
잔여,토니모리,0.3
주가,토니모리,0.3
토니모리,토니모리,1
투자,토니모리,0.3
ET,토니모리,0.3
살인,토필드,0.3
코스닥,토필드,0.3
토필드,토필드,1
후,토필드,0.3
ET,토필드,0.3
톱텍,톱텍,1
KD건설,톱텍,0.5
강신장,투비소프트,0.3
에이티,투비소프트,0.3
인앤아웃,투비소프트,0.3
투비소프트,투비소프트,1
트루윈,트루윈,1
특별,트루윈,0.3
주가,특수건설,0.3
특수건설,특수건설,1
급등,티로보틱스,0.3
외국,티로보틱스,0.3
티로보틱스,티로보틱스,1
생명,티앤알바이오팹,0.3
SCM,티앤알바이오팹,0.3
상승,티에이치엔,0.3
티에이치엔,티에이치엔,1
대구,티웨이항공,0.3
대학생,티웨이항공,0.3
목요일,티웨이항공,0.3
베트남,티웨이항공,0.3
보잉,티웨이항공,0.3
서울,티웨이항공,0.3
여객기,티웨이항공,0.3
여성,티웨이항공,0.3
우리,티웨이항공,0.3
투자,티웨이항공,0.3
티웨이항공,티웨이항공,1
항공,티웨이항공,0.3
티케이케미칼,티케이케미칼,1
폴리에스터,티케이케미칼,0.3
단기,티플랙스,0.3
티플랙스,티플랙스,1
fnRASSI,티플랙스,0.3
달리아,파라다이스,0.3
디어,파라다이스,0.3
시티,파라다이스,0.3
영종도,파라다이스,0.3
올림픽,파라다이스,0.3
용평리조트,파라다이스,0.5
최진우,파라다이스,0.3
투자,파라다이스,0.3
파라다이스,파라다이스,1
호텔,파라다이스,0.3
ET,파라다이스,0.3
코스닥,파라텍,0.3
파라텍,파라텍,1
전일,파마리서치프로덕트,0.3
제조,파마리서치프로덕트,0.3
파마리서치프로덕트,파마리서치프로덕트,1
거래소,파멥신,0.3
공시,파멥신,0.3
미국,파멥신,0.3
임상,파멥신,0.3
자금,파멥신,0.3
전환사채,파멥신,0.3
조달,파멥신,0.3
파멥신,파멥신,1
한국,파멥신,0.3
CB,파멥신,0.3
종목,파미셀,0.3
주가,파미셀,0.3
파미셀,파미셀,1
경신,파세코,0.3
규모,파세코,0.3
단기,파세코,0.3
석유스토브,파세코,0.3
수주,파세코,0.3
에어컨,파세코,0.3
전일,파세코,0.3
종목,파세코,0.3
창문,파세코,0.3
코스닥,파세코,0.3
파세코,파세코,1
ET,파세코,0.3
fnRASSI,파세코,0.3
GHP,파세코,0.3
아이즈비전,파워넷,0.5
전일,파워넷,0.3
최근,파워넷,0.3
최대,파워넷,0.3
파워넷,파워넷,1
단기,파워로직스,0.3
전일,파워로직스,0.3
종목,파워로직스,0.3
투자,파워로직스,0.3
파워로직스,파워로직스,1
ET,파워로직스,0.3
급등,파이오링크,0.3
파이오링크,파이오링크,1
공시,파인넥스,0.3
파인넥스,파인넥스,1
8in,파인디지털,0.3
골프,파인디지털,0.3
파인디지털,파인디지털,1
규모,파인텍,0.3
김세권,파인텍,0.3
삼성,파인텍,0.3
파인텍,파인텍,1
OLED,파인텍,0.3
투자,파크시스템스,0.3
파크시스템스,파크시스템스,1
ET,파크시스템스,0.3
스마트,파트론,0.3
파트론,파트론,1
거래소,파티게임즈,0.3
파티게임즈,파티게임즈,1
관계사,팜스웰바이오,0.3
팜스웰바이오,팜스웰바이오,1
전일,팜스코,0.3
주가,팜스코,0.3
팜스코,팜스코,1
팜스토리,팜스토리,1
회사채,팜스토리,0.3
국민은행,패션플랫폼,0.3
온라인,패션플랫폼,0.3
팬오션,팬오션,1
회사채,팬오션,0.3
팬젠,팬젠,1
세종,퍼시스,0.3
세종문화회관,퍼시스,0.3
퍼시스,퍼시스,1
검은사막,펄어비스,0.3
게임,펄어비스,0.3
김대일,펄어비스,0.3
사막,펄어비스,0.3
서비스,펄어비스,0.3
이슈,펄어비스,0.3
자체,펄어비스,0.3
펄어비스,펄어비스,1
해태,펄어비스,0.3
펩트론,펩트론,1
ASCO,펩트론,0.3
규모,평화산업,0.3
담보,평화산업,0.3
주식,평화산업,0.3
평화,평화산업,0.3
평화산업,평화산업,1
가스전,포스코,0.3
건물,포스코,0.3
건설,포스코,0.3
경북,포스코,0.3
공급,포스코,0.3
공장,포스코,0.3
광양,포스코,0.3
광양제철,포스코,0.3
국가,포스코,0.3
국내,포스코,0.3
권오준,포스코,0.3
그룹,포스코,0.3
극저온,포스코,0.3
기술,포스코,0.3
기업,포스코,0.3
납,포스코,0.3
납품,포스코,0.3
내,포스코,0.3
노총,포스코,0.3
다음,포스코,0.3
대상,포스코,0.3
라이나,포스코,0.3
롯데,포스코,0.3
리,포스코,0.5
리튬,포스코,0.3
마켓,포스코,0.3
미얀마,포스코,0.3
배당,포스코,0.3
부산,포스코,0.3
브랜드,포스코,0.3
사업,포스코,0.3
사진,포스코,0.3
설비,포스코,0.3
성과,포스코,0.3
성현욱,포스코,0.3
에너지,포스코,0.3
에이스침대,포스코,0.5
엘시티,포스코,0.3
연극,포스코,0.3
열연,포스코,0.3
올해,포스코,0.3
워라,포스코,0.3
이강덕,포스코,0.3
이경섭,포스코,0.3
인사이트,포스코,0.3
인천,포스코,0.3
자재,포스코,0.3
잠원,포스코,0.3
전,포스코,0.3
정비,포스코,0.3
정창화,포스코,0.3
중간,포스코,0.3
최정우,포스코,0.3
쿠팡,포스코,0.3
투자,포스코,0.3
평창,포스코,0.3
포스코,포스코,1
포항,포스코,0.3
포항시장,포스코,0.3
현대제철,포스코,0.5
황화수소,포스코,0.3
LNG,포스코,0.3
WTP,포스코,0.3
매출액,포스코케미칼,0.3
상장,포스코케미칼,0.3
시장,포스코케미칼,0.3
신규,포스코케미칼,0.3
외국인,포스코케미칼,0.3
유가증권,포스코케미칼,0.3
이유,포스코케미칼,0.3
코스닥,포스코케미칼,0.3
코스피,포스코케미칼,0.3
투자,포스코케미칼,0.3
포스코케미칼,포스코케미칼,1
전자,포시에스,0.3
포시에스,포시에스,1
엔에이치스팩10호,포인트엔지니어링,0.5
포인트엔지니어링,포인트엔지니어링,1
외국,포티스,0.3
유상,포티스,0.3
포티스,포티스,1
주가,폴루스바이오팜,0.3
폴루스바이오팜,폴루스바이오팜,1
급등,푸른기술,0.3
푸른기술,푸른기술,1
관심,풀무원,0.3
김치,풀무원,0.3
녹즙,풀무원,0.3
대한민국,풀무원,0.3
마이,풀무원,0.3
뮤지엄,풀무원,0.3
박스,풀무원,0.3
부,풀무원,0.3
성별,풀무원,0.3
스마트,풀무원,0.3
식탁,풀무원,0.3
식품,풀무원,0.3
아임,풀무원,0.3
여,풀무원,0.3
여성,풀무원,0.3
왕만두,풀무원,0.3
진선미,풀무원,0.3
편식,풀무원,0.3
푸드,풀무원,0.3
풀무원,풀무원,1
피,풀무원,0.3
역,풍산,0.3
투자,풍산,0.3
풍산,풍산,1
ET,풍산,0.3
투자,풍산홀딩스,0.3
ET,풍산홀딩스,0.3
상승,퓨쳐스트림네트웍스,0.3
투자,퓨쳐스트림네트웍스,0.3
퓨쳐스트림네트웍스,퓨쳐스트림네트웍스,1
ET,퓨쳐스트림네트웍스,0.3
Hot,퓨쳐스트림네트웍스,0.3
Stock,퓨쳐스트림네트웍스,0.3
시장,프레시웨이,0.3
식자재,프레시웨이,0.3
프레시웨이,프레시웨이,1
CJ,프레시웨이,0.5
뷰,프로텍,0.3
클라,프로텍,0.3
규모,플레이위드,0.3
모바일,플레이위드,0.3
플레이위드,플레이위드,1
M,플레이위드,0.3
금융,피노텍,0.3
피노텍,피노텍,1
상승,피씨엘,0.3
피씨엘,피씨엘,1
공시,피앤텔,0.3
규모,피앤텔,0.3
피앤텔,피앤텔,1
투자,피에스케이,0.3
ET,피에스케이,0.3
피엔아이컴퍼니,피엔아이컴퍼니,1
SEOUL,피엔아이컴퍼니,0.3
상승세,필룩스,0.3
전일,필룩스,0.3
주가,필룩스,0.3
필룩스,필룩스,1
삼성,필옵틱스,0.3
중국,필옵틱스,0.3
특별,필옵틱스,0.3
필옵틱스,필옵틱스,1
ET,필옵틱스,0.3
OLED,필옵틱스,0.3
거래소,하나금융지주,0.3
외국인,하나금융지주,0.3
은행,하나금융지주,0.3
인사,하나금융지주,0.3
하나금융지주,하나금융지주,1
KEB,하나금융지주,0.3
전일,하나마이크론,0.3
하나마이크론,하나마이크론,1
투자,하나제약,0.3
하나제약,하나제약,1
달,하나투어,0.3
다음,하나투어,0.3
상품,하나투어,0.3
수트라,하나투어,0.3
여행,하나투어,0.3
영유,하나투어,0.3
요르단,하나투어,0.3
정기,하나투어,0.3
특별,하나투어,0.3
하나투어,하나투어,1
하버,하나투어,0.3
한솔교육,하나투어,0.3
그룹,하림,0.3
급등,하림,0.3
김홍국,하림,0.3
논란,하림,0.3
마일리지,하림,0.3
상승,하림,0.3
성장,하림,0.3
순국선열,하림,0.3
재계,하림,0.3
전일,하림,0.3
정선,하림,0.3
지각,하림,0.3
체중,하림,0.3
축산,하림,0.3
팬오션,하림,0.5
하림,하림,1
회사채,하림,0.3
전일,하이로닉,0.3
하이로닉,하이로닉,1
투자,하이록코리아,0.3
하이록코리아,하이록코리아,1
ET,하이록코리아,0.3
웅진,하이트론씨스템즈,0.5
가격,하이트진로,0.3
개편,하이트진로,0.3
기린,하이트진로,0.3
롯데,하이트진로,0.3
맥주,하이트진로,0.3
소주,하이트진로,0.3
전일,하이트진로,0.3
주류,하이트진로,0.3
주세법,하이트진로,0.3
창원,하이트진로,0.3
청,하이트진로,0.3
크로넨버그,하이트진로,0.3
테라,하이트진로,0.3
하이트진로,하이트진로,1
해운대,하이트진로,0.3
하이트진로홀딩스,하이트진로홀딩스,1
육남매,하츠,0.3
투자,하츠,0.3
특별,하츠,0.3
피부,하츠,0.3
하츠,하츠,1
ET,하츠,0.3
경남,한국가스공사,0.3
경영,한국가스공사,0.3
공급,한국가스공사,0.3
공시,한국가스공사,0.3
기업,한국가스공사,0.3
상황,한국가스공사,0.3
수완,한국가스공사,0.3
이승훈,한국가스공사,0.3
임원,한국가스공사,0.3
천연가스,한국가스공사,0.3
한국가스공사,한국가스공사,1
ET,한국가스공사,0.3
공사,한국공항,0.3
공항,한국공항,0.3
김포,한국공항,0.3
부산,한국공항,0.3
한국공항,한국공항,1
공시,한국금융지주,0.3
한국,한국금융지주,0.3
한국금융지주,한국금융지주,1
전일,한국쉘석유,0.3
한국쉘석유,한국쉘석유,1
한국자산신탁,한국자산신탁,1
회사채,한국자산신탁,0.3
성남,한국전력공사,0.3
한국전력공사,한국전력공사,1
씨큐브,한국전자금융,0.5
한국전자금융,한국전자금융,1
기술사,한국정보통신,0.3
전일,한국정보통신,0.3
한국정보통신,한국정보통신,1
특별,한국제지,0.3
한국제지,한국제지,1
한국,한국주강,0.3
한국주강,한국주강,1
fnRASSI,한국주강,0.3
한국철강,한국철강,1
협회,한국철강,0.3
전일,한국카본,0.3
한국카본,한국카본,1
fnRASSI,한국카본,0.3
입술,한국콜마,0.3
자회사,한국콜마,0.3
한국콜마,한국콜마,1
한국콜마홀딩스,한국콜마,0.5
상승,한국콜마홀딩스,0.3
자회사,한국콜마홀딩스,0.3
한국콜마홀딩스,한국콜마홀딩스,1
경영,한국타이어,0.3
관리,한국타이어,0.3
세계,한국타이어,0.3
앤,한국타이어,0.3
점보,한국타이어,0.3
첨단,한국타이어,0.3
타이어,한국타이어,0.3
테크놀로지,한국타이어,0.3
토요타,한국타이어,0.3
투자,한국타이어,0.3
한국타이어,한국타이어,1
D,한국타이어,0.3
R,한국타이어,0.3
지분,한국타이어월드와이드,0.3
한국타이어월드와이드,한국타이어월드와이드,1
타이어,한국테크놀로지,0.3
테크놀로지,한국테크놀로지,0.3
펀드,한국패러랠,0.3
한국패러랠,한국패러랠,1
계약,한국항공우주,0.3
규모,한국항공우주,0.3
보수,한국항공우주,0.3
사장,한국항공우주,0.3
수주,한국항공우주,0.3
악재,한국항공우주,0.3
인사,한국항공우주,0.3
종목,한국항공우주,0.3
주가,한국항공우주,0.3
태국,한국항공우주,0.3
한국항공우주,한국항공우주,1
훈련기,한국항공우주,0.3
ET,한국항공우주,0.3
KAI,한국항공우주,0.3
상승,한국화장품제조,0.3
한국화장품제조,한국화장품제조,1
전일,한네트,0.3
한네트,한네트,1
독일,한독,0.3
베를린,한독,0.3
생명,한독,0.3
실장,한독,0.3
연방,한독,0.3
전일,한독,0.3
필하모니,한독,0.3
한독,한독,1
SCM,한독,0.3
강풍,한라,0.3
공항,한라,0.3
그룹,한라,0.3
김병준,한라,0.3
김해,한라,0.3
남부,한라,0.3
눈,한라,0.3
대표,한라,0.3
목,한라,0.3
산,한라,0.3
삼계,한라,0.3
상승,한라,0.3
성판악,한라,0.3
소주,한라,0.3
시멘트,한라,0.3
은빛,한라,0.3
저,한라,0.3
전일,한라,0.3
정몽원,한라,0.3
제주,한라,0.3
중국,한라,0.3
지역,한라,0.3
투자,한라,0.3
특보,한라,0.3
한라,한라,1
향토,한라,0.3
호남,한라,0.3
호우,한라,0.3
ET,한라,0.3
정기,한류타임즈,0.3
한류타임즈,한류타임즈,1
수주,한류AI센터,0.3
한류AI센터,한류AI센터,1
내부,한미약품,0.3
단장증후군,한미약품,0.3
롤,한미약품,0.3
발매,한미약품,0.3
의약품,한미약품,0.3
임상,한미약품,0.3
한미약품,한미약품,1
스퀘어,한빛소프트,0.3
오디션,한빛소프트,0.3
한빛소프트,한빛소프트,1
공매,한샘,0.3
극복,한샘,0.3
기업,한샘,0.3
내년,한샘,0.3
대리,한샘,0.3
대리점,한샘,0.3
대형,한샘,0.3
리,한샘,0.3
리모,한샘,0.3
부모,한샘,0.3
불황,한샘,0.3
상생,한샘,0.3
성폭행,한샘,0.3
안양,한샘,0.3
이영식,한샘,0.3
지역,한샘,0.3
직매장,한샘,0.3
직영,한샘,0.3
최양하,한샘,0.3
키친,한샘,0.3
투자,한샘,0.3
하우스,한샘,0.3
한샘,한샘,1
협력,한샘,0.3
ET,한샘,0.3
경신,한섬,0.3
한섬,한섬,1
신입,한세실업,0.3
투자,한세실업,0.3
한세실업,한세실업,1
ET,한세실업,0.3
유럽,한솔제지,0.3
주가,한솔제지,0.3
한솔제지,한솔제지,1
투자,한솔케미칼,0.3
한솔케미칼,한솔케미칼,1
전일,한솔테크닉스,0.3
한솔테크닉스,한솔테크닉스,1
한솔홀딩스,한솔홀딩스,1
한송네오텍,한송네오텍,1
전일,한스바이오메드,0.3
한스바이오메드,한스바이오메드,1
상승,한신공영,0.3
한신공영,한신공영,1
투자,한신기계공업,0.3
ET,한신기계공업,0.3
투자,한온시스템,0.3
ET,한온시스템,0.3
신약,한올바이오파마,0.3
인사,한올바이오파마,0.3
자,한올바이오파마,0.3
투자,한올바이오파마,0.3
한올바이오파마,한올바이오파마,1
상승,한익스프레스,0.3
주가,한익스프레스,0.3
한익스프레스,한익스프레스,1
종목,한일사료,0.3
한일사료,한일사료,1
투자,한일시멘트,0.3
한일시멘트,한일시멘트,1
한일현대시멘트,한일시멘트,0.5
투자,한일현대시멘트,0.3
한일현대시멘트,한일현대시멘트,1
윤리,한전기술,0.3
전일,한전기술,0.3
청렴,한전기술,0.3
한전기술,한전기술,1
한전산업,한전산업,1
ET,한전산업,0.3
기간제,한전KPS,0.3
한전KPS,한전KPS,1
강성부,한진,0.3
경영,한진,0.3
교수회,한진,0.3
규합,한진,0.3
그룹,한진,0.3
대한항공,한진,0.5
매거진,한진,0.3
무인,한진,0.3
미안,한진,0.3
분석,한진,0.3
사람,한진,0.3
사모,한진,0.3
상속세,한진,0.3
샷,한진,0.3
수당,한진,0.3
시작,한진,0.3
원,한진,0.3
이사장,한진,0.3
이상,한진,0.3
인하,한진,0.3
일관,한진,0.3
임금,한진,0.3
전일,한진,0.3
조양호,한진,0.3
조원태,한진,0.3
지분,한진,0.3
추가,한진,0.3
코스피,한진,0.3
통상,한진,0.3
티,한진,0.3
파발마,한진,0.3
한진,한진,1
한진칼,한진,0.5
현정택,한진,0.3
훈풍,한진,0.3
희망퇴직,한진,0.3
KCGI,한진,0.3
KTX,한진,0.3
경영,한진중공업,0.3
공시,한진중공업,0.3
부지,한진중공업,0.3
인천,한진중공업,0.3
자산,한진중공업,0.3
정동영,한진중공업,0.3
토지,한진중공업,0.3
평택동,한진중공업,0.3
한진,한진중공업,0.5
한진중공업,한진중공업,1
희망퇴직,한진중공업,0.3
ET,한진중공업,0.3
강성부,한진칼,0.3
경영,한진칼,0.3
공시,한진칼,0.3
국민,한진칼,0.3
그레이스,한진칼,0.3
내역,한진칼,0.3
방어,한진칼,0.3
사자,한진칼,0.3
상속세,한진칼,0.3
상승,한진칼,0.3
소송,한진칼,0.3
에스엠,한진칼,0.5
연일,한진칼,0.3
이상,한진칼,0.3
이슈,한진칼,0.3
장관,한진칼,0.3
조선내화,한진칼,0.5
조양호,한진칼,0.3
주,한진칼,0.3
주가,한진칼,0.3
주주,한진칼,0.3
주총,한진칼,0.3
지분,한진칼,0.3
차입금,한진칼,0.3
투자,한진칼,0.3
특별,한진칼,0.3
펀드,한진칼,0.3
한진,한진칼,0.5
한진칼,한진칼,1
홀딩스,한진칼,0.3
후,한진칼,0.3
ET,한진칼,0.3
fnRASSI,한진칼,0.3
자율,한컴MDS,0.3
한컴MDS,한컴MDS,1
채무,한탑,0.3
한탑,한탑,1
거래소,한화,0.3
건설,한화,0.3
경남,한화,0.3
경영,한화,0.3
계열사,한화,0.3
그룹,한화,0.3
글로벌,한화,0.3
기,한화,0.3
김동선,한화,0.3
김승연,한화,0.3
김종수,한화,0.3
노조,한화,0.3
대전,한화,0.3
롯데,한화,0.3
롯데카드,한화,0.3
리조트,한화,0.3
메콩강,한화,0.3
모듈,한화,0.3
물질,한화,0.3
美,한화,0.3
바닥,한화,0.3
방산,한화,0.3
배출,한화,0.3
베트남,한화,0.3
비밀,한화,0.3
사고,한화,0.3
상생,한화,0.3
서산,한화,0.3
성금,한화,0.3
세계,한화,0.3
손,한화,0.3
수거,한화,0.3
순방,한화,0.3
스마트,한화,0.3
스터디,한화,0.3
시리즈,한화,0.3
시스템,한화,0.3
신기용,한화,0.3
신설,한화,0.3
신한,한화,0.5
실적,한화,0.3
쓰레기,한화,0.3
안정,한화,0.3
약속,한화,0.3
에너지,한화,0.3
에릭슨,한화,0.3
연장,한화,0.3
오염,한화,0.3
위기,한화,0.3
위닝,한화,0.3
유증,한화,0.3
유출,한화,0.3
음성,한화,0.3
이동훈,한화,0.3
이재갑,한화,0.3
일본,한화,0.3
재계,한화,0.3
전진,한화,0.3
정책,한화,0.3
주,한화,0.3
지역,한화,0.3
추락,한화,0.3
충남,한화,0.3
콜마비앤에이치,한화,0.5
키움증권,한화,0.5
태양광,한화,0.3
토탈,한화,0.3
퇴출,한화,0.3
플랜트,한화,0.3
피,한화,0.3
필립스,한화,0.3
한국,한화,0.3
한용덕,한화,0.3
한화,한화,1
한화생명,한화,0.5
현대,한화,0.3
현대차,한화,0.3
호텔,한화,0.3
화학,한화,0.3
환경부,한화,0.3
CJ,한화,0.5
e,한화,0.3
fnRASSI,한화,0.3
SNEC,한화,0.3
금감원,한화생명,0.3
설계사,한화생명,0.3
소비자,한화생명,0.3
연금,한화생명,0.3
예보,한화생명,0.3
지분,한화생명,0.3
한화,한화생명,0.5
한화생명,한화생명,1
성윤모,한화에어로스페이스,0.3
우주항공,한화에어로스페이스,0.3
장관,한화에어로스페이스,0.3
투자,한화에어로스페이스,0.3
한화에어로스페이스,한화에어로스페이스,1
공장,한화케미칼,0.3
사업,한화케미칼,0.3
장영,한화케미칼,0.3
태양광,한화케미칼,0.3
한화케미칼,한화케미칼,1
IR52,한화케미칼,0.3
경희대,한화투자증권,0.3
금융,한화투자증권,0.3
내년,한화투자증권,0.3
삼성생명,한화투자증권,0.5
증가,한화투자증권,0.3
콜마비앤에이치,한화투자증권,0.5
투자,한화투자증권,0.3
한화투자증권,한화투자증권,1
CGV,한화투자증권,0.5
CJ,한화투자증권,0.5
STEPS,한화투자증권,0.3
해마로푸드서비스,해마로푸드서비스,1
실적,헝셩그룹,0.3
헝셩그룹,헝셩그룹,1
규모,현대건설,0.3
기술,현대건설,0.3
기업은행,현대건설,0.5
내,현대건설,0.3
노총,현대건설,0.3
대구,현대건설,0.3
메디,현대건설,0.3
복합,현대건설,0.3
수주,현대건설,0.3
아시아,현대건설,0.3
엘리자베스,현대건설,0.3
영종,현대건설,0.3
운정,현대건설,0.3
이도희,현대건설,0.3
일원동,현대건설,0.3
창립,현대건설,0.3
태영건설,현대건설,0.5
현대건설,현대건설,1
현대자동차,현대건설,0.5
힐,현대건설,0.3
기술,현대건설기계,0.3
업체,현대건설기계,0.3
외국인,현대건설기계,0.3
하도급,현대건설기계,0.3
현대건설기계,현대건설기계,1
현대중공업,현대건설기계,0.5
협력,현대건설기계,0.3
中,현대글로비스,0.3
중국,현대글로비스,0.3
창주,현대글로비스,0.3
최대,현대글로비스,0.3
현대글로비스,현대글로비스,1
수익,현대로템,0.3
전차,현대로템,0.3
창원,현대로템,0.3
하반기,현대로템,0.3
현대로템,현대로템,1
K2,현대로템,0.3
백화점,현대리바트,0.3
세라믹,현대리바트,0.3
현대리바트,현대리바트,1
현대백화점,현대리바트,0.5
가족,현대모비스,0.3
강변,현대모비스,0.3
개방,현대모비스,0.3
경영,현대모비스,0.3
농구,현대모비스,0.3
미래,현대모비스,0.3
반,현대모비스,0.3
선전,현대모비스,0.3
손,현대모비스,0.3
순환,현대모비스,0.3
스타트업,현대모비스,0.3
시장,현대모비스,0.3
오픈,현대모비스,0.3
임직원,현대모비스,0.3
제재,현대모비스,0.3
중국,현대모비스,0.3
첨단,현대모비스,0.3
출자,현대모비스,0.3
코스피,현대모비스,0.3
투명,현대모비스,0.3
프로,현대모비스,0.3
합병,현대모비스,0.3
해외,현대모비스,0.3
현대모비스,현대모비스,1
AI,현대모비스,0.3
노사,현대미포조선,0.3
투자,현대미포조선,0.3
현대미포조선,현대미포조선,1
달,현대백화점,0.3
업,현대백화점,0.3
에코,현대백화점,0.3
용품,현대백화점,0.3
유아,현대백화점,0.3
참다랑어,현대백화점,0.3
출근,현대백화점,0.3
해체,현대백화점,0.3
현대리바트,현대백화점,0.5
현대백화점,현대백화점,1
휴가철,현대백화점,0.3
CJ,현대백화점,0.5
투자,현대사료,0.3
ET,현대사료,0.3
배재훈,현대상선,0.3
선박,현대상선,0.3
유창근,현대상선,0.3
합종연횡,현대상선,0.3
해운,현대상선,0.3
현대상선,현대상선,1
회장,현대상선,0.3
감사원,현대엘리베이터,0.3
국민,현대엘리베이터,0.3
권기선,현대엘리베이터,0.3
다음,현대엘리베이터,0.3
대표,현대엘리베이터,0.3
여동생,현대엘리베이터,0.3
임시,현대엘리베이터,0.3
장병우,현대엘리베이터,0.3
현대엘리베이터,현대엘리베이터,1
블록체인,현대오토에버,0.3
전일,현대오토에버,0.3
주가,현대오토에버,0.3
현대오토에버,현대오토에버,1
현대차,현대오토에버,0.3
스마트,현대위아,0.3
현대위아,현대위아,1
현지,현대위아,0.3
투자,현대일렉트릭,0.3
현대일렉트릭,현대일렉트릭,1
강릉,현대자동차,0.3
경영,현대자동차,0.3
계열사,현대자동차,0.3
고성능,현대자동차,0.3
공헌,현대자동차,0.3
그룹,현대자동차,0.3
사회,현대자동차,0.3
이번,현대자동차,0.3
전경련,현대자동차,0.3
정몽구,현대자동차,0.3
현대건설,현대자동차,0.5
현대자동차,현대자동차,1
현대차,현대자동차,0.3
롯데정보통신,현대정보기술,0.5
경찰,현대제철,0.3
근로,현대제철,0.3
미래,현대제철,0.3
부품,현대제철,0.3
비정규직,현대제철,0.3
생산,현대제철,0.3
솔루션,현대제철,0.3
순천,현대제철,0.3
이재갑,현대제철,0.3
철강,현대제철,0.3
투자,현대제철,0.3
특별,현대제철,0.3
포스코,현대제철,0.5
현대제철,현대제철,1
가스,현대중공업,0.3
결의,현대중공업,0.3
경찰,현대중공업,0.3
경총,현대중공업,0.3
골리앗,현대중공업,0.3
공시,현대중공업,0.3
공정위,현대중공업,0.3
교육감,현대중공업,0.3
국민,현대중공업,0.3
군산,현대중공업,0.3
규모,현대중공업,0.3
금속,현대중공업,0.3
기술,현대중공업,0.3
난입,현대중공업,0.3
노조,현대중공업,0.3
노총,현대중공업,0.3
농,현대중공업,0.3
노사,현대중공업,0.3
노옥희,현대중공업,0.3
노조,현대중공업,0.3
농협,현대중공업,0.3
뉴스,현대중공업,0.3
뉴시스,현대중공업,0.3
대우,현대중공업,0.3
대책위,현대중공업,0.3
대치,현대중공업,0.3
도면,현대중공업,0.3
동구,현대중공업,0.3
디지털,현대중공업,0.3
말,현대중공업,0.3
며칠,현대중공업,0.3
무효,현대중공업,0.3
물,현대중공업,0.3
물리,현대중공업,0.3
물적분할,현대중공업,0.3
민노총,현대중공업,0.3
민주,현대중공업,0.3
민중,현대중공업,0.3
박근태,현대중공업,0.3
반대,현대중공업,0.3
발언,현대중공업,0.3
버스,현대중공업,0.3
법원,현대중공업,0.3
법인,현대중공업,0.3
변경,현대중공업,0.3
보도,현대중공업,0.3
보수,현대중공업,0.3
본관,현대중공업,0.3
본사,현대중공업,0.3
분개,현대중공업,0.3
분할,현대중공업,0.3
빅딜,현대중공업,0.3
사진관,현대중공업,0.3
사흘,현대중공업,0.3
상징,현대중공업,0.3
서소문,현대중공업,0.3
세습,현대중공업,0.3
속보,현대중공업,0.3
수주,현대중공업,0.3
시각,현대중공업,0.3
아수라장,현대중공업,0.3
안건,현대중공업,0.3
앞,현대중공업,0.3
언론,현대중공업,0.3
업체,현대중공업,0.3
연결,현대중공업,0.3
연금,현대중공업,0.3
연합뉴스,현대중공업,0.3
오전,현대중공업,0.3
오토바이,현대중공업,0.3
우리,현대중공업,0.3
울산,현대중공업,0.3
위법,현대중공업,0.3
이재갑,현대중공업,0.3
이전,현대중공업,0.3
인사,현대중공업,0.3
인수,현대중공업,0.3
임시,현대중공업,0.3
자해,현대중공업,0.3
장소,현대중공업,0.3
재벌,현대중공업,0.3
전,현대중공업,0.3
절차,현대중공업,0.3
점거,현대중공업,0.3
정문,현대중공업,0.3
조사,현대중공업,0.3
조선,현대중공업,0.3
조선소,현대중공업,0.3
조선일보,현대중공업,0.3
조합원,현대중공업,0.3
주,현대중공업,0.3
주주,현대중공업,0.3
주총,현대중공업,0.3
중간,현대중공업,0.3
집행관,현대중공업,0.3
차벽,현대중공업,0.3
첩보전,현대중공업,0.3
체육관,현대중공업,0.3
체크,현대중공업,0.3
총장,현대중공업,0.3
총회,현대중공업,0.3
충돌,현대중공업,0.3
카타르,현대중공업,0.3
클라우드,현대중공업,0.3
투자,현대중공업,0.3
파손,현대중공업,0.3
파업,현대중공업,0.3
폭력,현대중공업,0.3
하도급,현대중공업,0.3
하루,현대중공업,0.3
한마음,현대중공업,0.3
헤드라인,현대중공업,0.3
현대건설기계,현대중공업,0.5
현대중공업,현대중공업,1
현대차,현대중공업,0.3
현장,현대중공업,0.3
협력,현대중공업,0.3
형제,현대중공업,0.3
회관,현대중공업,0.3
MS,현대중공업,0.3
코그,현대중공업지주,0.3
현대,현대중공업지주,0.3
현대중공업지주,현대중공업지주,1
규모,현대차증권,0.3
현대차증권,현대차증권,1
공시,현대해상,0.3
기업,현대해상,0.3
자회사,현대해상,0.3
현대해상,현대해상,1
강,현대홈쇼핑,0.3
찬석,현대홈쇼핑,0.3
투자,현대홈쇼핑,0.3
현대홈쇼핑,현대홈쇼핑,1
전일,현성바이탈,0.3
현성바이탈,현성바이탈,1
상승,혜인,0.3
혜인,혜인,1
KT,혜인,0.5
원단,호전실업,0.3
호전실업,호전실업,1
메이커,호텔신라,0.3
종목,호텔신라,0.3
투자,호텔신라,0.3
한인규,호텔신라,0.3
호텔신라,호텔신라,1
TR,호텔신라,0.3
감삼동,화성산업,0.3
규모,화성산업,0.3
대구,화성산업,0.3
우림,화성산업,0.3
운정,화성산업,0.3
화성산업,화성산업,1
투자,화승엔터프라이즈,0.3
화승엔터프라이즈,화승엔터프라이즈,1
막말,화신,0.3
먹거리,화신,0.3
스마트,화신,0.3
화신,화신,1
스위스,화신테크,0.3
핀테크,화신테크,0.3
화신테크,화신테크,1
투자,화일약품,0.3
ET,화일약품,0.3
강원,화진,0.3
김,화진,0.3
정보,화진,0.3
한국,화진,0.3
화진,화진,1
IBM,화진,0.3
영업,화천기계,0.3
화천기계,화천기계,1
가맹점,효성,0.3
경산,효성,0.3
경영,효성,0.3
계약,효성,0.3
고액,효성,0.3
공정위,효성,0.3
공헌,효성,0.3
과실,효성,0.3
그룹,효성,0.3
기아차,효성,0.3
기업,효성,0.3
김기식,효성,0.3
달,효성,0.3
대북,효성,0.3
민심,효성,0.3
방송,효성,0.3
방통,효성,0.3
범죄,효성,0.3
복지,효성,0.3
부,효성,0.3
부담,효성,0.3
사익,효성,0.3
사회,효성,0.3
삼성,효성,0.3
상생,효성,0.3
소년,효성,0.3
안보리,효성,0.3
양육,효성,0.3
여자,효성,0.3
영령,효성,0.3
우정,효성,0.3
원,효성,0.3
위원장,효성,0.3
인포메이션,효성,0.3
일가,효성,0.3
임대,효성,0.3
자율,효성,0.3
전문가,효성,0.3
전환,효성,0.3
제석사,효성,0.3
조건,효성,0.3
조원용,효성,0.5
조현준,효성,0.3
중간광고,효성,0.3
캄보디아,효성,0.3
투자,효성,0.3
투자자,효성,0.3
편의점,효성,0.3
피아노,효성,0.3
현금,효성,0.3
호국,효성,0.3
화장실,효성,0.3
효성,효성,1
효성중공업,효성,0.5
ET,효성,0.3
대상,효성중공업,0.3
도시,효성중공업,0.3
수익,효성중공업,0.3
요코타,효성중공업,0.3
투자자,효성중공업,0.3
효성중공업,효성중공업,1
베트남,효성첨단소재,0.3
효성첨단소재,효성첨단소재,1
투자,효성화학,0.3
효성화학,효성화학,1
매수,휠라코리아,0.3
의류,휠라코리아,0.3
자산운용,휠라코리아,0.3
템플턴,휠라코리아,0.3
특별,휠라코리아,0.3
휠라코리아,휠라코리아,1
네이버,휴맥스,0.3
변대규,휴맥스,0.3
박성윤,휴비스,0.3
반덤핑,휴비스,0.3
전주,휴비스,0.3
주,휴비스,0.3
투자,휴비스,0.3
휴비스,휴비스,1
PPS,휴비스,0.3
전일,휴비츠,0.3
휴비츠,휴비츠,1
닥터,휴온스,0.3
휴온스,휴온스,1
Ambio,휴온스,0.3
투자,휴젤,0.3
ET,휴젤,0.3
생명,흥국,0.3
투자,흥국,0.3
흥국,흥국,1
F,흥국,0.3
KPX케미칼,흥국,0.5
가격,흥국화재,0.3
투자,흥국화재,0.3
해지,흥국화재,0.3
흥국화재,흥국화재,1
거래소,흥아해운,0.3
장금상선,흥아해운,0.3
흥아해운,흥아해운,1
fnRASSI,흥아해운,0.3
삼성,힘스,0.3
투자,힘스,0.3
힘스,힘스,1
ET,힘스,0.3
fnRASSI,힘스,0.3
전일,AJ네트웍스,0.3
AJ네트웍스,AJ네트웍스,1
투자,AJ렌터카,0.3
ET,AJ렌터카,0.3
전일,AK홀딩스,0.3
AK홀딩스,AK홀딩스,1
AP위성,AP위성,1
엔,BGF,0.3
BGF,BGF,1
아이,BGF리테일,0.3
투자,BGF리테일,0.3
BGF리테일,BGF리테일,1
그룹,BNK금융지주,0.3
금융,BNK금융지주,0.3
투자,BNK금융지주,0.3
특별,BNK금융지주,0.3
BNK금융지주,BNK금융지주,1
ET,BNK금융지주,0.3
라미,BYC,0.3
BYC,BYC,1
대교,CGV,0.5
러블리,CGV,0.3
마블,CGV,0.3
변호인,CGV,0.3
분양,CGV,0.3
세상,CGV,0.3
씨네,CGV,0.3
영웅,CGV,0.3
코리아,CGV,0.3
키즈,CGV,0.3
투자,CGV,0.3
BMW,CGV,0.3
CGV,CGV,1
CJ,CGV,0.5
가치,CJ,0.3
개혁,CJ,0.3
경제,CJ,0.3
계약,CJ,0.3
고죽,CJ,0.3
공시,CJ,0.3
관객,CJ,0.3
그룹,CJ,0.3
기간,CJ,0.3
기생충,CJ,0.3
기업,CJ,0.3
네덜란드,CJ,0.3
대교,CJ,0.5
대한통운,CJ,0.5
떡집,CJ,0.3
롯데마트,CJ,0.3
마켓,CJ,0.3
문화,CJ,0.3
뮤지컬,CJ,0.3
미래,CJ,0.3
박근희,CJ,0.3
방통,CJ,0.3
샐러리맨,CJ,0.3
서울,CJ,0.3
손경식,CJ,0.3
쇼핑,CJ,0.3
스타트업,CJ,0.3
시그널,CJ,0.3
시장,CJ,0.3
식자재,CJ,0.3
신화,CJ,0.3
실청,CJ,0.3
연합뉴스,CJ,0.3
영화,CJ,0.3
올리브,CJ,0.3
우주,CJ,0.3
윤곽,CJ,0.3
이상준,CJ,0.3
이재현,CJ,0.3
인사,CJ,0.3
인사이트,CJ,0.3
제일제당,CJ,0.5
주가,CJ,0.3
지상파,CJ,0.3
청년,CJ,0.3
초여름,CJ,0.3
커머스,CJ,0.3
콘텐츠,CJ,0.3
콩국수,CJ,0.3
키즈,CJ,0.3
키트,CJ,0.3
택배,CJ,0.3
투자,CJ,0.3
편식,CJ,0.3
푸드,CJ,0.3
프레시웨이,CJ,0.5
피자,CJ,0.3
한화,CJ,0.5
현대백화점,CJ,0.5
홈쇼핑,CJ,0.3
황금종려상,CJ,0.3
회장,CJ,0.3
흥행,CJ,0.3
CGV,CJ,0.5
CJ,CJ,1
E,CJ,0.3
ENM,CJ,0.5
ET,CJ,0.3
GS,CJ,0.5
IT,CJ,0.3
OTT,CJ,0.3
자회사,CJ대한통운,0.3
CJ대한통운,CJ대한통운,1
상승,CJ씨푸드,0.3
CJ씨푸드,CJ씨푸드,1
과기,CJ헬로,0.3
방송,CJ헬로,0.3
비전,CJ헬로,0.3
인수,CJ헬로,0.3
정통부,CJ헬로,0.3
케이블,CJ헬로,0.3
CJ헬로,CJ헬로,1
KT,CJ헬로,0.5
거래소,CS,0.3
한국,CS,0.3
CS,CS,1
fnRASSI,CS,0.3
KT,CS,0.5
SK네트웍스,CS,0.5
V,CS,0.3
W,CS,0.3
경영,DB,0.3
경찰,DB,0.3
교통,DB,0.3
기관,DB,0.3
김정남,DB,0.3
농구,DB,0.3
단신,DB,0.3
달러,DB,0.3
덩크슛,DB,0.3
마인드,DB,0.3
머신,DB,0.3
비서,DB,0.3
성추행,DB,0.3
손해보험,DB,0.3
실패,DB,0.3
업,DB,0.3
예측,DB,0.3
오라클,DB,0.3
오리온,DB,0.5
원주,DB,0.3
윤호영,DB,0.3
일본,DB,0.3
재테크,DB,0.3
중국,DB,0.3
코스닥,DB,0.3
태아,DB,0.3
투자,DB,0.3
프로,DB,0.3
CEO,DB,0.3
DB,DB,1
PO,DB,0.3
R,DB,0.3
국내,DB금융투자,0.3
한신평,DB금융투자,0.3
해외,DB금융투자,0.3
DB금융투자,DB금융투자,1
IB,DB금융투자,0.3
급등,DB하이텍,0.3
파운드리,DB하이텍,0.3
DB하이텍,DB하이텍,1
영업,DGB금융지주,0.3
투자,DGB금융지주,0.3
DGB금융지주,DGB금융지주,1
가계,DSR,0.3
금융,DSR,0.3
농협,DSR,0.3
다음,DSR,0.3
달,DSR,0.3
대출,DSR,0.3
도입,DSR,0.3
문턱,DSR,0.3
보도,DSR,0.3
서민,DSR,0.3
시장,DSR,0.3
신용,DSR,0.3
신협,DSR,0.3
외국,DSR,0.3
위,DSR,0.3
제,DSR,0.3
확대,DSR,0.3
DSR,DSR,1
급등,DSR제강,0.3
외국,DSR제강,0.3
DSR제강,DSR제강,1
아쉬움,E1,0.3
지원,E1,0.3
E1,E1,1
강세,EDGC,0.3
EDGC,EDGC,1
명장,EG,0.3
원인,EG,0.3
자동차,EG,0.3
전일,EG,0.3
화재,EG,0.3
BMW,EG,0.3
CHINA,EG,0.3
EG,EG,1
fnRASSI,EG,0.3
R,EG,0.3
SP,EG,0.3
TIANJIN,EG,0.3
YPT,EG,0.3
거래소,EMW,0.3
EMW,EMW,1
롯데마트,ENM,0.3
방통,ENM,0.3
지상파,ENM,0.3
투자,ENM,0.3
현대백화점,ENM,0.5
CJ,ENM,0.5
ENM,ENM,1
엔브이에이치코리아,GH신소재,0.5
투자,GH신소재,0.3
ET,GH신소재,0.3
GH신소재,GH신소재,1
번역,GKL,0.3
인재,GKL,0.3
카지노,GKL,0.3
GKL,GKL,1
경영,GS,0.3
공시,GS,0.3
그룹,GS,0.3
난이도,GS,0.3
대통령,GS,0.3
돌,GS,0.3
도시락,GS,0.3
롯데,GS,0.3
마켓,GS,0.3
박정호,GS,0.3
배구,GS,0.3
사건,GS,0.3
삼성,GS,0.5
상생,GS,0.3
생명,GS,0.3
샵,GS,0.3
수퍼,GS,0.3
술,GS,0.3
싱가포르,GS,0.3
연료,GS,0.3
오텍,GS,0.5
이승만,GS,0.3
이하,GS,0.3
인사이트,GS,0.3
제재,GS,0.3
주류,GS,0.3
카카오,GS,0.5
칼,GS,0.3
쿠팡,GS,0.3
키스,GS,0.3
투자,GS,0.3
포천시,GS,0.3
폭행,GS,0.3
표승주,GS,0.3
프로,GS,0.3
할아버지,GS,0.3
허창수,GS,0.3
홈쇼핑,GS,0.3
흥국,GS,0.5
CJ,GS,0.5
ET,GS,0.3
GS,GS,1
GS건설,GS,0.5
ITM,GS,0.3
MA,GS,0.3
T,GS,0.3
국내,GS건설,0.3
복수,GS건설,0.3
부동산,GS건설,0.3
분양,GS건설,0.3
브랜드,GS건설,0.3
세종,GS건설,0.3
아파트,GS건설,0.3
엑스포,GS건설,0.3
오산시,GS건설,0.3
주거,GS건설,0.3
GS,GS건설,0.5
GS건설,GS건설,1
고객,GS리테일,0.3
투자,GS리테일,0.3
펫,GS리테일,0.3
ET,GS리테일,0.3
GS리테일,GS리테일,1
투자,GV,0.3
ET,GV,0.3
비즈니스,HDC,0.3
사이트,HDC,0.3
영창,HDC,0.3
투자,HDC,0.3
현산,HDC,0.3
ET,HDC,0.3
HDC,HDC,1
고층,HDC현대산업개발,0.3
광주,HDC현대산업개발,0.3
반포,HDC현대산업개발,0.3
분양,HDC현대산업개발,0.3
브랜드,HDC현대산업개발,0.3
아파트,HDC현대산업개발,0.3
총괄,HDC현대산업개발,0.3
HDC현대산업개발,HDC현대산업개발,1
투자,HSD엔진,0.3
HSD엔진,HSD엔진,1
광주은행,JB금융지주,0.3
인력,JB금융지주,0.3
JB금융지주,JB금융지주,1
합창단,JW중외제약,0.3
JW중외제약,JW중외제약,1
찬성,JYP,0.3
JYP,JYP,1
가족,KB금융,0.3
그룹,KB금융,0.3
글로벌,KB금융,0.3
금융,KB금융,0.3
마켓,KB금융,0.3
모바일,KB금융,0.3
연금,KB금융,0.3
윤종규,KB금융,0.3
인사,KB금융,0.3
인사이트,KB금융,0.3
임원,KB금융,0.3
종합,KB금융,0.3
지주사,KB금융,0.3
KB,KB금융,0.3
KB금융,KB금융,1
공시,KC코트렐,0.3
규모,KC코트렐,0.3
기업,KC코트렐,0.3
KC코트렐,KC코트렐,1
벤치,KCC,0.3
숲,KCC,0.3
신명호,KCC,0.3
폭염,KCC,0.3
플레이오프,KCC,0.3
KCC,KCC,1
채무,KCC건설,0.3
KCC건설,KCC건설,1
톱텍,KD건설,0.5
KD건설,KD건설,1
영업,KG모빌리언스,0.3
KG모빌리언스,KG모빌리언스,1
업계,KG이니시스,0.3
온라인,KG이니시스,0.3
표,KG이니시스,0.3
KG이니시스,KG이니시스,1
성장,KH바텍,0.3
전기차,KH바텍,0.3
전일,KH바텍,0.3
흑자,KH바텍,0.3
KH바텍,KH바텍,1
특별,KISCO홀딩스,0.3
KISCO홀딩스,KISCO홀딩스,1
에이앤티앤,KJ프리텍,0.5
KJ프리텍,KJ프리텍,1
비리,KMH,0.3
아시아경제,KMH,0.3
의혹,KMH,0.3
최상주,KMH,0.3
투자,KMH,0.3
특별,KMH,0.3
ET,KMH,0.3
KMH,KMH,1
테라,KNN,0.3
하이트진로,KNN,0.5
투자,KPX케미칼,0.3
KPX케미칼,KPX케미칼,1
5G,KT,0.3
검찰,KT,0.3
경기도,KT,0.3
고객,KT,0.3
공인,KT,0.3
공장,KT,0.3
교육,KT,0.3
국회의원,KT,0.3
규제,KT,0.3
그라운드,KT,0.3
글로벌,KT,0.3
기,KT,0.3
기업,KT,0.3
김성태,KT,0.3
김영환,KT,0.3
넥,KT,0.3
넥슨,KT,0.3
뉴스,KT,0.3
단독,KT,0.3
동대문,KT,0.3
동유럽,KT,0.3
드리블,KT,0.3
딜,KT,0.3
딸,KT,0.3
로밍,KT,0.3
리그,KT,0.3
마이런,KT,0.3
매출,KT,0.3
멤버십,KT,0.3
명예,KT,0.3
모바일,KT,0.3
목소리,KT,0.3
물류,KT,0.3
미디어,KT,0.3
미래,KT,0.3
방송,KT,0.3
범용,KT,0.3
보험,KT,0.3
부정,KT,0.3
사진,KT,0.3
산업,KT,0.3
상인,KT,0.3
서동철,KT,0.3
소비자,KT,0.3
속보,KT,0.3
쇼핑,KT,0.3
스마트,KT,0.3
스카,KT,0.3
스토리,KT,0.3
신촌,KT,0.3
신한,KT,0.5
아라뱃길,KT,0.3
아빠,KT,0.3
아현,KT,0.3
안전,KT,0.3
앱,KT,0.3
양홍석,KT,0.3
업무,KT,0.3
에프알텍,KT,0.5
연,KT,0.3
연설,KT,0.3
영상,KT,0.3
영업,KT,0.3
와이즈,KT,0.3
위기,KT,0.3
의식,KT,0.3
의혹,KT,0.3
이번,KT,0.3
이석채,KT,0.3
이철희,KT,0.3
인증서,KT,0.3
인터넷,KT,0.3
자영업,KT,0.3
자율,KT,0.3
재난,KT,0.3
전국,KT,0.3
전년,KT,0.3
전병헌,KT,0.3
정기열,KT,0.3
정통부,KT,0.3
제조,KT,0.3
중소,KT,0.3
쥴,KT,0.3
지능,KT,0.3
직영,KT,0.3
차기,KT,0.3
채용,KT,0.3
청와대,KT,0.3
캐치,KT,0.3
커머스,KT,0.3
케이,KT,0.3
크리에이터,KT,0.3
클라우드,KT,0.3
태극,KT,0.3
터치,KT,0.3
텔스타,KT,0.3
통신,KT,0.3
통신구,KT,0.3
통합,KT,0.3
투자,KT,0.3
판교,KT,0.3
패션,KT,0.3
폰,KT,0.3
한국,KT,0.3
합산,KT,0.3
해고,KT,0.3
협약,KT,0.3
혜인,KT,0.5
황교안,KT,0.3
황창규,KT,0.3
후원,KT,0.3
후원금,KT,0.3
힐링,KT,0.3
AI,KT,0.3
apM,KT,0.3
CJ헬로,KT,0.5
CS,KT,0.5
EBS,KT,0.3
ET,KT,0.3
G,KT,0.3
GES,KT,0.3
KISA,KT,0.3
KT,KT,1
KTF,KT,0.3
LCK,KT,0.3
M,KT,0.3
MBN,KT,0.3
smart,KT,0.3
TV,KT,0.3
UAE,KT,0.3
공시,KT서브마린,0.3
급등,KT서브마린,0.3
해저,KT서브마린,0.3
KT서브마린,KT서브마린,1
투자,KTH,0.3
ET,KTH,0.3
독일,LF,0.3
모노,LF,0.3
버,LF,0.3
자릿수,LF,0.3
패션,LF,0.3
푸마,LF,0.3
헤지스,LF,0.3
화장품,LF,0.3
CATL,LF,0.3
LF,LF,1
5G,LG,0.3
가전,LG,0.3
검거,LG,0.3
검찰,LG,0.3
경영,LG,0.3
골드,LG,0.3
구광모,LG,0.3
구미시,LG,0.3
구본무,LG,0.3
그레이,LG,0.3
그룹,LG,0.3
글로벌,LG,0.3
김부근,LG,0.3
김영섭,LG,0.3
김종규,LG,0.3
김현권,LG,0.3
김현수,LG,0.3
나지완,LG,0.3
내년,LG,0.3
네이버,LG,0.3
넷플릭스,LG,0.3
논란,LG,0.3
농구,LG,0.3
대리점,LG,0.3
대학생,LG,0.3
도쿄,LG,0.3
도피,LG,0.3
듀얼,LG,0.3
디오,LG,0.3
렌,LG,0.3
로봇,LG,0.3
리뷰,LG,0.3
말,LG,0.3
메이스,LG,0.3
물질,LG,0.3
미,LG,0.3
미국,LG,0.3
바다,LG,0.3
바닷속,LG,0.3
박일평,LG,0.3
번호,LG,0.3
베일,LG,0.3
부품,LG,0.3
불길,LG,0.3
비즈,LG,0.3
뺑소니,LG,0.3
사업,LG,0.3
사회,LG,0.3
삼성,LG,0.3
생명,LG,0.3
서포터,LG,0.3
선호,LG,0.3
세상,LG,0.3
세탁기,LG,0.3
쇼룸,LG,0.3
스마트폰,LG,0.3
스타일러,LG,0.3
스탠드,LG,0.3
승부,LG,0.3
시각,LG,0.3
시그,LG,0.3
시그널,LG,0.3
신세계,LG,0.5
싱가포르,LG,0.3
안드로이드,LG,0.3
엘지,LG,0.3
연쇄,LG,0.3
예약,LG,0.3
올레드,LG,0.3
운전자,LG,0.3
원천,LG,0.3
유일,LG,0.3
응급,LG,0.3
의료,LG,0.3
이기자,LG,0.3
이병규,LG,0.3
이상,LG,0.3
인공지능,LG,0.3
인사,LG,0.3
인상,LG,0.3
장애,LG,0.3
장자,LG,0.3
정부,LG,0.3
조작,LG,0.3
주가,LG,0.3
지방세,LG,0.3
차세대,LG,0.3
차준환,LG,0.3
창업자,LG,0.3
처,LG,0.3
첨단,LG,0.3
초고,LG,0.3
추락,LG,0.3
치열,LG,0.3
큐,LG,0.3
탈출,LG,0.3
털,LG,0.3
투자,LG,0.3
품질,LG,0.3
프라,LG,0.3
프로,LG,0.3
프리미엄,LG,0.3
해외,LG,0.3
현주엽,LG,0.3
혐의,LG,0.3
화웨이,LG,0.5
황흥섭,LG,0.3
CEO,LG,0.3
D,LG,0.3
ESS,LG,0.3
ET,LG,0.3
FDA,LG,0.3
G6,LG,0.3
G8,LG,0.3
Interpol,LG,0.3
KBO,LG,0.3
LEAD,LG,0.3
LG,LG,1
LG전자,LG,0.5
MIMO,LG,0.3
MU,LG,0.3
MWC,LG,0.3
OLED,LG,0.3
s,LG,0.3
to,LG,0.3
TV,LG,0.3
U,LG,0.3
Uplus,LG,0.3
V30,LG,0.3
V50,LG,0.3
VR,LG,0.3
안전,LG디스플레이,0.3
정부,LG디스플레이,0.3
종목,LG디스플레이,0.3
주가,LG디스플레이,0.3
투자,LG디스플레이,0.3
파주,LG디스플레이,0.3
LG디스플레이,LG디스플레이,1
투자,LG상사,0.3
ET,LG상사,0.3
LG상사,LG상사,1
경쟁,LG생활건강,0.3
베트남,LG생활건강,0.3
엘라스틴,LG생활건강,0.3
주가,LG생활건강,0.3
투자,LG생활건강,0.3
화장품,LG생활건강,0.3
희비,LG생활건강,0.3
ET,LG생활건강,0.3
LG생활건강,LG생활건강,1
5G,LG유플러스,0.3
골드,LG유플러스,0.3
과기,LG유플러스,0.3
광고,LG유플러스,0.3
권영수,LG유플러스,0.3
노동,LG유플러스,0.3
대사,LG유플러스,0.3
드론,LG유플러스,0.3
번호,LG유플러스,0.3
사람,LG유플러스,0.3
사회,LG유플러스,0.3
스타,LG유플러스,0.3
싱가포르,LG유플러스,0.3
쏠리드,LG유플러스,0.5
아트,LG유플러스,0.3
업계,LG유플러스,0.3
유대감,LG유플러스,0.3
이상,LG유플러스,0.3
일상,LG유플러스,0.3
전자결제,LG유플러스,0.3
정통부,LG유플러스,0.3
친환경,LG유플러스,0.3
토요일,LG유플러스,0.3
투자,LG유플러스,0.3
한국,LG유플러스,0.3
화웨이,LG유플러스,0.3
ICT,LG유플러스,0.3
LG유플러스,LG유플러스,1
U,LG유플러스,0.3
애플,LG이노텍,0.3
투자,LG이노텍,0.3
협력,LG이노텍,0.3
ET,LG이노텍,0.3
LG이노텍,LG이노텍,1
5G,LG전자,0.3
공기,LG전자,0.3
공정위,LG전자,0.3
글로벌,LG전자,0.3
김자인,LG전자,0.3
김치,LG전자,0.3
대중,LG전자,0.3
도쿄,LG전자,0.3
독립,LG전자,0.3
디스플레이,LG전자,0.3
로봇,LG전자,0.3
美,LG전자,0.3
미국,LG전자,0.3
발명왕,LG전자,0.3
방문,LG전자,0.3
삼성,LG전자,0.3
생산,LG전자,0.3
서빙,LG전자,0.3
세계,LG전자,0.3
세탁,LG전자,0.3
세탁기,LG전자,0.3
손,LG전자,0.3
송,LG전자,0.3
슈,LG전자,0.3
스타일러,LG전자,0.3
시그,LG전자,0.3
시청각,LG전자,0.3
식기세척기,LG전자,0.3
에어컨,LG전자,0.3
영업,LG전자,0.3
영입,LG전자,0.3
올해,LG전자,0.3
요르단,LG전자,0.3
운동,LG전자,0.3
유럽,LG전자,0.3
인공지능,LG전자,0.3
인증,LG전자,0.3
자율,LG전자,0.3
자전거,LG전자,0.3
장애,LG전자,0.3
장애인,LG전자,0.3
전쟁,LG전자,0.3
종목,LG전자,0.3
주방,LG전자,0.3
지난해,LG전자,0.3
차별,LG전자,0.3
차준환,LG전자,0.3
청정기,LG전자,0.3
초고,LG전자,0.3
친환경,LG전자,0.3
칼,LG전자,0.3
컨,LG전자,0.3
테네시,LG전자,0.3
테네시주,LG전자,0.3
테헤란,LG전자,0.3
토론토,LG전자,0.3
투자,LG전자,0.3
트,LG전자,0.3
특허청,LG전자,0.3
품질,LG전자,0.3
프리미엄,LG전자,0.3
하정우,LG전자,0.3
해외,LG전자,0.3
협력,LG전자,0.3
화웨이,LG전자,0.3
CES,LG전자,0.3
FDA,LG전자,0.3
GS,LG전자,0.5
IFA,LG전자,0.3
LG,LG전자,0.5
LG전자,LG전자,1
V30,LG전자,0.3
V50,LG전자,0.3
투자,LG하우시스,0.3
LG하우시스,LG하우시스,1
거래,LG화학,0.3
경북,LG화학,0.3
경영,LG화학,0.3
공시,LG화학,0.3
국제,LG화학,0.3
글로벌,LG화학,0.3
기술력,LG화학,0.3
김준,LG화학,0.3
돌입,LG화학,0.3
무역,LG화학,0.3
미,LG화학,0.3
박진수,LG화학,0.3
배터리,LG화학,0.3
사장,LG화학,0.3
상생,LG화학,0.3
수익,LG화학,0.3
시장,LG화학,0.3
실적,LG화학,0.3
올해,LG화학,0.3
인사,LG화학,0.3
장세용,LG화학,0.3
전기차,LG화학,0.3
조사,LG화학,0.3
종목,LG화학,0.3
투자,LG화학,0.3
포드,LG화학,0.3
현대,LG화학,0.3
협력,LG화학,0.3
회사,LG화학,0.3
ITC,LG화학,0.3
KOTRA,LG화학,0.3
LG,LG화학,0.5
LG화학,LG화학,1
SK,LG화학,0.5
SK이노베이션,LG화학,0.5
규모,LIG넥스원,0.3
성우,LIG넥스원,0.3
수주,LIG넥스원,0.3
LIG넥스원,LIG넥스원,1
검출,LS,0.3
고려대,LS,0.3
공정위,LS,0.3
구자열,LS,0.3
구자홍,LS,0.3
니,LS,0.3
대학생,LS,0.3
모바일,LS,0.3
발전소,LS,0.3
변전소,LS,0.3
살충제,LS,0.3
상생,LS,0.3
오토,LS,0.3
전선,LS,0.3
지역,LS,0.3
한경,LS,0.3
LS,LS,1
경영,LS산전,0.3
상생,LS산전,0.3
태양광,LS산전,0.3
ESS,LS산전,0.3
LS산전,LS산전,1
특별,LS전선아시아,0.3
LS전선아시아,LS전선아시아,1
갑,MP그룹,0.3
검찰,MP그룹,0.3
미스터피자,MP그룹,0.3
프랜차이즈,MP그룹,0.3
MP그룹,MP그룹,1
공시,NAVER,0.3
투자,NAVER,0.3
해외,NAVER,0.3
NAVER,NAVER,1
김원봉,NEW,0.3
스튜,NEW,0.3
앞,NEW,0.3
BANGKOK,NEW,0.3
INDIA,NEW,0.3
THAILAND,NEW,0.3
배당,NH투자증권,0.3
아주캐피탈,NH투자증권,0.5
악재,NH투자증권,0.3
인사,NH투자증권,0.3
조기,NH투자증권,0.3
투자,NH투자증권,0.3
한국항공우주,NH투자증권,0.5
행복,NH투자증권,0.3
현대제철,NH투자증권,0.5
NH투자증권,NH투자증권,1
팟캐스트,NHN벅스,0.3
NHN벅스,NHN벅스,1
투자,NHN한국사이버결제,0.3
NHN한국사이버결제,NHN한국사이버결제,1
투자,NICE,0.3
ET,NICE,0.3
전일,NICE평가정보,0.3
fnRASSI,NICE평가정보,0.3
NICE평가정보,NICE평가정보,1
이달,OCI,0.3
이미선,OCI,0.3
이수영,OCI,0.3
폴리실리콘,OCI,0.3
하반기,OCI,0.3
한신평,OCI,0.3
OCI,OCI,1
5G,RFHIC,0.3
거래소,RFHIC,0.3
규모,RFHIC,0.3
기관,RFHIC,0.3
스타워즈,RFHIC,0.3
전일,RFHIC,0.3
코스닥,RFHIC,0.3
통신,RFHIC,0.3
화웨이,RFHIC,0.3
fnRASSI,RFHIC,0.3
RFHIC,RFHIC,1
투자,S-Oil,0.3
하반기,S-Oil,0.3
S-Oil,S-Oil,1
재팬,SBI핀테크솔루션즈,0.3
카페24,SBI핀테크솔루션즈,0.5
현금,SBI핀테크솔루션즈,0.3
SBI핀테크솔루션즈,SBI핀테크솔루션즈,1
신경렬,SBS미디어홀딩스,0.3
SBS미디어홀딩스,SBS미디어홀딩스,1
상승,SBS콘텐츠허브,0.3
fnRASSI,SBS콘텐츠허브,0.3
SBS,SBS콘텐츠허브,0.5
SBS콘텐츠허브,SBS콘텐츠허브,1
전일,SFA반도체,0.3
종목,SFA반도체,0.3
SFA반도체,SFA반도체,1
다인,SG,0.3
대웅제약,SG,0.5
발표,SG,0.3
실적,SG,0.3
A,SG,0.3
SG,SG,1
5G,SK,0.3
가치,SK,0.3
게이밍,SK,0.3
경영,SK,0.3
고객,SK,0.3
글로벌,SK,0.3
기지,SK,0.3
김준,SK,0.3
너지,SK,0.3
댐,SK,0.3
대림산업,SK,0.5
도시바,SK,0.3
동남아,SK,0.3
라오스,SK,0.3
렌,SK,0.3
매직,SK,0.3
모집,SK,0.3
미얀마,SK,0.3
발표,SK,0.3
방송,SK,0.3
배터리,SK,0.3
백신,SK,0.3
베트남,SK,0.3
분야,SK,0.3
분양,SK,0.3
붕괴,SK,0.3
브랜드,SK,0.3
브로드밴드,SK,0.3
삼성전자,SK,0.5
삼진,SK,0.5
상생,SK,0.3
생산량,SK,0.3
서강,SK,0.3
서울,SK,0.3
성장,SK,0.3
실트론,SK,0.3
아시아나항공,SK,0.5
아파트,SK,0.3
에스,SK,0.3
에이스,SK,0.3
엑스포,SK,0.3
엘브이엠씨,SK,0.5
여행,SK,0.3
연합,SK,0.3
오일,SK,0.3
옥수수,SK,0.3
우리,SK,0.3
우시,SK,0.3
원주,SK,0.3
위,SK,0.3
위기,SK,0.3
유료,SK,0.3
응답,SK,0.3
의식,SK,0.3
이엽,SK,0.3
이형희,SK,0.3
인삼,SK,0.3
인천,SK,0.3
일,SK,0.3
장녀,SK,0.3
장비,SK,0.3
장애,SK,0.3
장인상,SK,0.3
전기,SK,0.3
전기차,SK,0.3
전자,SK,0.3
제주,SK,0.3
존스,SK,0.3
주,SK,0.3
주유,SK,0.3
지원,SK,0.3
직원,SK,0.3
질,SK,0.3
차이,SK,0.3
차인표,SK,0.3
참가,SK,0.3
참가자,SK,0.3
천재,SK,0.3
체크,SK,0.3
총괄,SK,0.3
최대,SK,0.3
최태원,SK,0.3
추구,SK,0.3
친환경,SK,0.3
털,SK,0.3
통신사,SK,0.3
폰,SK,0.3
포럼,SK,0.3
프로,SK,0.3
혁신,SK,0.3
혐의,SK,0.3
협력,SK,0.3
화질,SK,0.3
DB,SK,0.5
DMB,SK,0.3
E,SK,0.3
FUJIAN,SK,0.3
ICT,SK,0.3
Innovation,SK,0.3
국제,SK가스,0.3
전일,SK가스,0.3
LPG,SK가스,0.3
SK가스,SK가스,1
스피드,SK네트웍스,0.3
워커힐,SK네트웍스,0.3
주가,SK네트웍스,0.3
투자,SK네트웍스,0.3
SK네트웍스,SK네트웍스,1
SK,SK디스커버리,0.5
SK디스커버리,SK디스커버리,1
한국,SK디앤디,0.3
영주,SK머티리얼즈,0.3
자회사,SK머티리얼즈,0.3
투자,SK머티리얼즈,0.3
SK머티리얼즈,SK머티리얼즈,1
전일,SK바이오랜드,0.3
SK바이오랜드,SK바이오랜드,1
거래소,SK이노베이션,0.3
경영,SK이노베이션,0.3
기자,SK이노베이션,0.3
김준,SK이노베이션,0.3
노사,SK이노베이션,0.3
리더스,SK이노베이션,0.3
발표,SK이노베이션,0.3
배터리,SK이노베이션,0.3
삼성전자,SK이노베이션,0.5
성지건설,SK이노베이션,0.3
수단,SK이노베이션,0.3
외국인,SK이노베이션,0.3
전기차,SK이노베이션,0.3
조사,SK이노베이션,0.3
지원,SK이노베이션,0.3
혁신,SK이노베이션,0.3
ITC,SK이노베이션,0.3
LG화학,SK이노베이션,0.5
SK,SK이노베이션,0.5
SK이노베이션,SK이노베이션,1
견조,SK증권,0.3
그룹,SK증권,0.3
마켓,SK증권,0.3
만기,SK증권,0.3
삼성SDI,SK증권,0.5
인사이트,SK증권,0.3
주간,SK증권,0.3
추천,SK증권,0.3
하반기,SK증권,0.3
SK,SK증권,0.5
SK증권,SK증권,1
가습기,SK케미칼,0.3
검찰,SK케미칼,0.3
뇌전증,SK케미칼,0.3
살균제,SK케미칼,0.3
애경,SK케미칼,0.3
투자,SK케미칼,0.3
혈우병,SK케미칼,0.3
ET,SK케미칼,0.3
SK케미칼,SK케미칼,1
5G,SK텔레콤,0.3
5GX,SK텔레콤,0.3
경고,SK텔레콤,0.3
박정호,SK텔레콤,0.3
배당,SK텔레콤,0.3
삼성전자,SK텔레콤,0.5
스마트폰,SK텔레콤,0.3
실적,SK텔레콤,0.3
아이,SK텔레콤,0.3
업무,SK텔레콤,0.3
여행,SK텔레콤,0.3
연세,SK텔레콤,0.3
육성,SK텔레콤,0.3
임직원,SK텔레콤,0.3
참가자,SK텔레콤,0.3
최대,SK텔레콤,0.3
투자,SK텔레콤,0.3
APAC,SK텔레콤,0.3
ET,SK텔레콤,0.3
LCK,SK텔레콤,0.3
SK텔레콤,SK텔레콤,1
거래,SK하이닉스,0.3
거래소,SK하이닉스,0.3
금강,SK하이닉스,0.3
기관,SK하이닉스,0.3
메모리,SK하이닉스,0.3
무역,SK하이닉스,0.3
미,SK하이닉스,0.3
미국,SK하이닉스,0.3
반도체,SK하이닉스,0.3
삼성전자,SK하이닉스,0.5
수요,SK하이닉스,0.3
실적,SK하이닉스,0.3
연구,SK하이닉스,0.3
외국인,SK하이닉스,0.3
우시,SK하이닉스,0.3
유진,SK하이닉스,0.3
의원,SK하이닉스,0.3
이석희,SK하이닉스,0.3
이철우,SK하이닉스,0.3
장석춘,SK하이닉스,0.3
제천,SK하이닉스,0.3
종목,SK하이닉스,0.3
지역,SK하이닉스,0.3
참사,SK하이닉스,0.3
청주,SK하이닉스,0.3
축사,SK하이닉스,0.3
충북,SK하이닉스,0.3
클러스터,SK하이닉스,0.3
투자,SK하이닉스,0.3
학교,SK하이닉스,0.3
화웨이,SK하이닉스,-0.5
LNG,SK하이닉스,0.3
SK하이닉스,SK하이닉스,1
가든,SPC삼립,0.3
빵,SPC삼립,0.3
삼립,SPC삼립,0.3
올해,SPC삼립,0.3
완제,SPC삼립,0.3
인건비,SPC삼립,0.3
일부,SPC삼립,0.3
제빵,SPC삼립,0.3
투자,SPC삼립,0.3
편식,SPC삼립,0.3
프리미엄,SPC삼립,0.3
ET,SPC삼립,0.3
SPC삼립,SPC삼립,1
거,STX,0.3
국토,STX,0.3
마린,STX,0.3
불법,STX,0.3
산업은행,STX,0.3
상사,STX,0.3
성윤모,STX,0.3
장관,STX,0.3
전일,STX,0.3
제대,STX,0.3
조선,STX,0.3
종합,STX,0.3
채무,STX,0.3
최대,STX,0.3
화상,STX,0.3
회생,STX,0.3
STX,STX,1
생산,STX엔진,0.3
선박,STX엔진,0.3
성윤모,STX엔진,0.3
엔진,STX엔진,0.3
장관,STX엔진,0.3
STX엔진,STX엔진,1
최근,SV인베스트먼트,0.3
투자,SV인베스트먼트,0.3
ET,SV인베스트먼트,0.3
SV인베스트먼트,SV인베스트먼트,1
협찬,TS트릴리온,0.3
홍콩,TS트릴리온,0.3
TS트릴리온,TS트릴리온,1
감자,UCI,0.3
무상,UCI,0.3
보통주,UCI,0.3
코스닥,UCI,0.3
특별,UCI,0.3
fnRASSI,UCI,0.3
UCI,UCI,1
전일,W홀딩컴퍼니,0.3
fnRASSI,W홀딩컴퍼니,0.3
W홀딩컴퍼니,W홀딩컴퍼니,1
경찰,YG,0.3
관계자,YG,0.3
관리,YG,0.3
국세청,YG,0.3
그레이스,YG,0.3
기자,YG,0.3
닐슨,YG,0.3
담,YG,0.3
디,YG,0.3
보이콧,YG,0.3
비하인드,YG,0.3
빅뉴스,YG,0.3
사업,YG,0.3
성,YG,0.3
손,YG,0.3
술자리,YG,0.3
스트레이트,YG,0.3
승리,YG,0.3
실소유주,YG,0.3
싸이,YG,0.3
아레나,YG,0.3
양현석,YG,0.3
엔터,YG,0.3
엠,YG,0.3
유병재,YG,0.3
유흥업소,YG,0.3
은지원,YG,0.3
의혹,YG,0.3
이번,YG,0.3
인사이드,YG,0.3
재력가,YG,0.3
접대,YG,0.3
정마,YG,0.3
주진우,YG,0.3
프라임,YG,0.3
황하나,YG,0.3
fugitive,YG,0.3
Malaysian,YG,0.3
MBC,YG,0.3
POP,YG,0.3
YG,YG,1